Dimension;Density;Algorithm;Num_Robots;Time;Overlapping
10;5;MSTC*;2;429,6708513561277;0,05249343832020997
10;5;TMSTC*;2;434,1414141046049;0,05774278215223097
10;5;MSTC*;4;246,09942278469902;0,1732283464566929
10;5;TMSTC*;4;255,14069258547852;0,18635170603674542
10;5;MSTC*;2;443,9271283903193;0,06561679790026247
10;5;TMSTC*;2;438,2128426760336;0,07349081364829396
10;5;MSTC*;4;255,55526690741468;0,1784776902887139
10;5;TMSTC*;4;251,72539674441612;0,16535433070866143
10;5;MSTC*;2;443,184848462763;0,06561679790026247
10;5;TMSTC*;2;438,4992784808738;0,06824146981627296
10;5;MSTC*;4;250,48528137423855;0,1732283464566929
10;5;TMSTC*;4;265,67012983700135;0,16272965879265092
10;5;MSTC*;2;457,75483399593907;0,09711286089238845
10;5;TMSTC*;2;439,91313128368387;0,07611548556430446
10;5;MSTC*;4;252,9985569617476;0,1784776902887139
10;5;TMSTC*;4;265,05526690741476;0,23622047244094488
10;5;MSTC*;2;429,6708513561277;0,05249343832020997
10;5;TMSTC*;2;438,27099565995286;0,07874015748031496
10;5;MSTC*;4;252,8844155512871;0,18635170603674542
10;5;TMSTC*;4;269,0419913199057;0,26246719160104987
10;5;MSTC*;2;444,3417027122554;0,07874015748031496
10;5;TMSTC*;2;441,81370849898485;0,08923884514435695
10;5;MSTC*;4;239,2275613017947;0,14173228346456693
10;5;TMSTC*;4;247,64213562373092;0,1889763779527559
10;5;MSTC*;2;430,91385280281;0,05249343832020997
10;5;TMSTC*;2;425,0132755875091;0,03674540682414698
10;5;MSTC*;4;257,31370849898474;0,2047244094488189
10;5;TMSTC*;4;253,52727269414427;0,1942257217847769
10;5;MSTC*;2;446,3417027122554;0,08398950131233596
10;5;TMSTC*;2;439,3564213380167;0,08661417322834646
10;5;MSTC*;4;249,38513707041332;0,15485564304461943
10;5;TMSTC*;4;262,14069258547846;0,22572178477690288
10;5;MSTC*;2;438,51255406838305;0,06824146981627296
10;5;TMSTC*;2;445,56998553317624;0,08661417322834646
10;5;MSTC*;4;248,61269837220806;0,17060367454068243
10;5;TMSTC*;4;269,64213562373095;0,1889763779527559
10;5;MSTC*;2;446,56998553317624;0,07611548556430446
10;5;TMSTC*;2;437,28499276658823;0,07349081364829396
10;5;MSTC*;4;259,0699855331762;0,1837270341207349
10;5;TMSTC*;4;265,5832611206852;0,26246719160104987
10;5;MSTC*;2;449,4271283903191;0,08398950131233596
10;5;TMSTC*;2;426,642135623731;0,04461942257217848
10;5;MSTC*;4;257,3696969255257;0,1889763779527559
10;5;TMSTC*;4;248,79826835409713;0,14435695538057744
10;5;MSTC*;2;454,56998553317624;0,08398950131233596
10;5;TMSTC*;2;433,69956708852436;0,07086614173228346
10;5;MSTC*;4;249,0412698007795;0,13910761154855644
10;5;TMSTC*;4;266,3402596740029;0,24934383202099739
10;5;MSTC*;2;436,1561327303662;0,05774278215223097
10;5;TMSTC*;2;438,48455985511254;0,07874015748031496
10;5;MSTC*;4;236,67085135612763;0,12598425196850394
10;5;TMSTC*;4;250,44256853520665;0,2073490813648294
10;5;MSTC*;2;462,15541121124005;0,09448818897637795
10;5;TMSTC*;2;449,4551226035898;0,08661417322834646
10;5;MSTC*;4;257,3696969255257;0,1837270341207349
10;5;TMSTC*;4;256,29754683497094;0,12073490813648294
10;5;MSTC*;2;436,3851370704134;0,06299212598425197
10;5;TMSTC*;2;433,24227992755624;0,07349081364829396
10;5;MSTC*;4;256,5839826398114;0,2020997375328084
10;5;TMSTC*;4;264,39913417704855;0,2204724409448819
10;5;MSTC*;2;436,5272726941445;0,05774278215223097
10;5;TMSTC*;2;444,78427124746213;0,08923884514435695
10;5;MSTC*;4;234,55670994566714;0,11548556430446194
10;5;TMSTC*;4;248,17012983700138;0,17585301837270342
10;5;MSTC*;2;435,77027414082676;0,06561679790026247
10;5;TMSTC*;2;446,14141410460496;0,08661417322834646
10;5;MSTC*;4;255,02655117501806;0,1732283464566929
10;5;TMSTC*;4;264,8851370704133;0,2440944881889764
10;5;MSTC*;2;458,29826835409716;0,09448818897637795
10;5;TMSTC*;2;430,8556998188905;0,05249343832020997
10;5;MSTC*;4;280,49783544262147;0,2887139107611549
10;5;TMSTC*;4;247,25555551506523;0,1679790026246719
10;5;MSTC*;2;439,6561327303662;0,07086614173228346
10;5;TMSTC*;2;457,0125540683829;0,09448818897637795
10;5;MSTC*;4;252,41385280280997;0,16535433070866143
10;5;TMSTC*;4;258,9705627484771;0,1889763779527559
10;5;MSTC*;2;436,75627703419156;0,06561679790026247
10;5;TMSTC*;2;431,1995670885243;0,07349081364829396
10;5;MSTC*;4;249,8836940321609;0,18635170603674542
10;5;TMSTC*;4;264,71212115690713;0,22572178477690288
10;5;MSTC*;2;435,7422799275563;0,07086614173228346
10;5;TMSTC*;2;451,46984122935095;0,08398950131233596
10;5;MSTC*;4;262,91240976455754;0,2283464566929134
10;5;TMSTC*;4;264,6708513561276;0,2230971128608924
10;5;MSTC*;2;434,94184701608066;0,06299212598425197
10;5;TMSTC*;2;442,8277056056201;0,08923884514435695
10;5;MSTC*;4;250,05598842654092;0,19160104986876642
10;5;TMSTC*;4;255,75627703419138;0,22572178477690288
10;5;MSTC*;2;434,1414141046049;0,05774278215223097
10;5;TMSTC*;2;431,56998553317635;0,05774278215223097
10;5;MSTC*;4;248,4124097645576;0,13123359580052493
10;5;TMSTC*;4;237,22756130179474;0,12073490813648294
10;5;MSTC*;2;440,61341989133444;0,06561679790026247
10;5;TMSTC*;2;443,5132755875091;0,07874015748031496
10;5;MSTC*;4;256,49855696174757;0,1942257217847769
10;5;TMSTC*;4;259,5699855331762;0,2178477690288714
10;5;MSTC*;2;445,0839826398117;0,08136482939632546
10;5;TMSTC*;2;454,78427124746213;0,10761154855643044
10;5;MSTC*;4;233,08542567806379;0,10498687664041995
10;5;TMSTC*;4;261,927128390319;0,1994750656167979
10;5;MSTC*;2;445,6274169979697;0,07611548556430446
10;5;TMSTC*;2;442,4138528028101;0,09448818897637795
10;5;MSTC*;4;269,69740253114566;0,17060367454068243
10;5;TMSTC*;4;263,4558441227157;0,23097112860892388
10;5;MSTC*;2;438,78427124746213;0,06824146981627296
10;5;TMSTC*;2;453,6406925854786;0,09711286089238845
10;5;MSTC*;4;253,8549782997642;0,18635170603674542
10;5;TMSTC*;4;277,6974025311457;0,1994750656167979
10;5;MSTC*;2;441,0125540683829;0,06561679790026247
10;5;TMSTC*;2;457,68340542451085;0,09711286089238845
10;5;MSTC*;4;259,8395381548766;0,2047244094488189
10;5;TMSTC*;4;253,59942278469902;0,1942257217847769
10;5;MSTC*;2;445,79826835409716;0,07349081364829396
10;5;TMSTC*;2;437,49855696174785;0,06824146981627296
10;5;MSTC*;4;265,58326112068517;0,2152230971128609
10;5;TMSTC*;4;255,21284267603326;0,18635170603674542
10;5;MSTC*;2;429,6708513561277;0,05249343832020997
10;5;TMSTC*;2;454,29826835409716;0,09448818897637795
10;5;MSTC*;4;265,77027414082664;0,1679790026246719
10;5;TMSTC*;4;268,1399710663523;0,23097112860892388
10;5;MSTC*;2;440,41313128368387;0,07349081364829396
10;5;TMSTC*;2;445,0994227846991;0,09448818897637795
10;5;MSTC*;4;270,427128390319;0,24934383202099739
10;5;TMSTC*;4;254,3711399637781;0,2283464566929134
10;5;MSTC*;2;440,82698408649406;0,06299212598425197
10;5;TMSTC*;2;450,48455985511254;0,10236220472440945
10;5;MSTC*;4;259,9264068711928;0,1968503937007874
10;5;TMSTC*;4;251,82770560561997;0,2099737532808399
10;5;MSTC*;2;435,4705627484773;0,06561679790026247
10;5;TMSTC*;2;436,5279942132706;0,07611548556430446
10;5;MSTC*;4;262,48311681685993;0,18110236220472442
10;5;TMSTC*;4;252,24155840842997;0,19160104986876642
10;5;MSTC*;2;428,3424242313814;0,05249343832020997
10;5;TMSTC*;2;438,8556998188905;0,07611548556430446
10;5;MSTC*;4;247,98455985511237;0,15748031496062992
10;5;TMSTC*;4;256,5979797464466;0,1968503937007874
10;5;MSTC*;2;442,64141410460496;0,06561679790026247
10;5;TMSTC*;2;437,01399710663526;0,08923884514435695
10;5;MSTC*;4;244,77027414082664;0,1679790026246719
10;5;TMSTC*;4;251,45656564184188;0,18635170603674542
10;5;MSTC*;2;435,0279942132705;0,06036745406824147
10;5;TMSTC*;2;425,3564213380167;0,047244094488188976
10;5;MSTC*;4;258,5559884265409;0,2020997375328084
10;5;TMSTC*;4;254,7982683540971;0,16272965879265092
10;5;MSTC*;2;455,78427124746213;0,08923884514435695
10;5;TMSTC*;2;432,413131283684;0,05774278215223097
10;5;MSTC*;4;275,082539601559;0,2020997375328084
10;5;TMSTC*;4;249,24083688930375;0,14698162729658792
10;5;MSTC*;2;440,1414141046048;0,06561679790026247
10;5;TMSTC*;2;440,0272726941445;0,07874015748031496
10;5;MSTC*;4;272,6252524405909;0,2099737532808399
10;5;TMSTC*;4;253,95440108446326;0,1994750656167979
10;5;MSTC*;2;442,5839826398115;0,07349081364829396
10;5;TMSTC*;2;443,7422799275563;0,09186351706036745
10;5;MSTC*;4;265,7842712474619;0,2335958005249344
10;5;TMSTC*;4;262,7982683540971;0,1784776902887139
10;5;MSTC*;2;435,92784990944523;0,06824146981627296
10;5;TMSTC*;2;442,8836940321612;0,07874015748031496
10;5;MSTC*;4;242,65613273036618;0,15748031496062992
10;5;TMSTC*;4;257,268109583448;0,17060367454068243
10;5;MSTC*;2;456,3696969255258;0,09448818897637795
10;5;TMSTC*;2;435,05670994566714;0,07349081364829396
10;5;MSTC*;4;262,34025967400277;0,2073490813648294
10;5;TMSTC*;4;266,2849927665881;0,26246719160104987
10;5;MSTC*;2;440,0699855331764;0,06561679790026247
10;5;TMSTC*;2;449,4551226035898;0,08923884514435695
10;5;MSTC*;4;259,71284267603335;0,16010498687664043
10;5;TMSTC*;4;276,7268397826686;0,28608923884514437
10;5;MSTC*;2;444,81226546073265;0,07611548556430446
10;5;TMSTC*;2;447,8417027122554;0,09711286089238845
10;5;MSTC*;4;249,24083688930375;0,17060367454068243
10;5;TMSTC*;4;262,92784990944523;0,1837270341207349
10;5;MSTC*;2;437,05598842654103;0,06561679790026247
10;5;TMSTC*;2;454,92640687119285;0,09973753280839895
10;5;MSTC*;4;249,14141410460473;0,1732283464566929
10;5;TMSTC*;4;252,78282820920947;0,18635170603674542
10;5;MSTC*;2;449,84098119312927;0,08923884514435695
10;5;TMSTC*;2;427,0132755875092;0,049868766404199474
10;5;MSTC*;4;260,77027414082664;0,23097112860892388
10;5;TMSTC*;4;232,1708513561276;0,10236220472440945
10;5;MSTC*;2;446,81370849898485;0,07349081364829396
10;5;TMSTC*;2;443,0132755875091;0,08923884514435695
10;5;MSTC*;4;265,24083688930375;0,2099737532808399
10;5;TMSTC*;4;261,74083688930375;0,1942257217847769
10;5;MSTC*;2;441,8417027122553;0,07349081364829396
10;5;TMSTC*;2;447,4985569617477;0,08398950131233596
10;5;MSTC*;4;250,427128390319;0,1837270341207349
10;5;TMSTC*;4;262,28499276658806;0,15223097112860892
10;5;MSTC*;2;452,66940831787554;0,08923884514435695
10;5;TMSTC*;2;433,58470415893765;0,05774278215223097
10;5;MSTC*;4;250,1981240502719;0,1784776902887139
10;5;TMSTC*;4;253,92712839031898;0,16010498687664043
10;5;MSTC*;2;448,2982683540974;0,08136482939632546
10;5;TMSTC*;2;463,3402596740033;0,11023622047244094
10;5;MSTC*;4;250,95584412271566;0,15485564304461943
10;5;TMSTC*;4;266,513275587509;0,25196850393700787
10;5;MSTC*;2;439,1554112112403;0,06561679790026247
10;5;TMSTC*;2;450,85569981889046;0,09973753280839895
10;5;MSTC*;4;250,34098119312904;0,16010498687664043
10;5;TMSTC*;4;250,99927848087378;0,2178477690288714
10;5;MSTC*;2;442,4985569617478;0,05774278215223097
10;5;TMSTC*;2;434,82770560562;0,06561679790026247
10;5;MSTC*;4;258,5412698007795;0,16535433070866143
10;5;TMSTC*;4;267,09797974644664;0,2440944881889764
10;5;MSTC*;2;444,28427124746196;0,08398950131233596
10;5;TMSTC*;2;439,913131283684;0,08923884514435695
10;5;MSTC*;4;255,7275613017947;0,18110236220472442
10;5;TMSTC*;4;243,74155840842997;0,17060367454068243
10;5;MSTC*;2;436,7128426760335;0,05774278215223097
10;5;TMSTC*;2;431,6568542494924;0,07611548556430446
10;5;MSTC*;4;253,15613273036615;0,1679790026246719
10;5;TMSTC*;4;240,38441555128708;0,14173228346456693
10;5;MSTC*;2;450,36969692552594;0,08661417322834646
10;5;TMSTC*;2;436,8991341770486;0,07611548556430446
10;5;MSTC*;4;254,18484846276283;0,16535433070866143
10;5;TMSTC*;4;257,9698412293509;0,2020997375328084
10;5;MSTC*;2;436,6848484627629;0,06561679790026247
10;5;TMSTC*;2;449,99855696174785;0,08923884514435695
10;5;MSTC*;4;251,65685424949237;0,2047244094488189
10;5;TMSTC*;4;261,74083688930375;0,13910761154855644
10;5;MSTC*;2;447,2842712474621;0,07874015748031496
10;5;TMSTC*;2;441,1708513561276;0,08136482939632546
10;5;MSTC*;4;255,09725822732042;0,1837270341207349
10;5;TMSTC*;4;267,62669547884326;0,2388451443569554
10;5;MSTC*;2;432,45656564184196;0,06036745406824147
10;5;TMSTC*;2;444,21284267603335;0,09448818897637795
10;5;MSTC*;4;254,19884556939806;0,1784776902887139
10;5;TMSTC*;4;265,14141410460473;0,25196850393700787
10;5;MSTC*;2;432,5987012655729;0,047244094488188976
10;5;TMSTC*;2;439,51399710663526;0,08923884514435695
10;5;MSTC*;4;273,8115439416061;0,23097112860892388
10;5;TMSTC*;4;266,9558441227157;0,2204724409448819
10;5;MSTC*;2;446,7408368893041;0,07611548556430446
10;5;TMSTC*;2;435,12813851709575;0,07349081364829396
10;5;MSTC*;4;256,6981240502719;0,1994750656167979
10;5;TMSTC*;4;261,29898987322326;0,22572178477690288
10;5;MSTC*;2;448,1554112112403;0,07611548556430446
10;5;TMSTC*;2;450,4691197102251;0,08661417322834646
10;5;MSTC*;4;249,48383833598612;0,15485564304461943
10;5;TMSTC*;4;258,54126980077945;0,2073490813648294
10;5;MSTC*;2;435,09942278469913;0,06299212598425197
10;5;TMSTC*;2;446,87041844465193;0,08923884514435695
10;5;MSTC*;4;257,42784990944523;0,2073490813648294
10;5;TMSTC*;4;257,78499276658806;0,1994750656167979
10;5;MSTC*;2;432,67012983700164;0,05774278215223097
10;5;TMSTC*;2;427,58542567806387;0,06036745406824147
10;5;MSTC*;4;239,06998553317615;0,13648293963254593
10;5;TMSTC*;4;238,1281385170957;0,14173228346456693
10;5;MSTC*;2;432,98528137423864;0,06561679790026247
10;5;TMSTC*;2;443,6995670885243;0,09973753280839895
10;5;MSTC*;4;266,1119768530818;0,2152230971128609
10;5;TMSTC*;4;253,45656564184188;0,2125984251968504
10;5;MSTC*;2;439,4271283903193;0,06561679790026247
10;5;TMSTC*;2;439,4271283903193;0,06561679790026247
10;5;MSTC*;4;265,58326112068517;0,2073490813648294
10;5;TMSTC*;4;269,69740253114566;0,2020997375328084
10;5;MSTC*;2;444,5699855331764;0,06824146981627296
10;5;TMSTC*;2;445,1708513561277;0,047244094488188976
10;5;MSTC*;4;246,81298697985855;0,16535433070866143
10;5;TMSTC*;4;259,67012983700135;0,23622047244094488
10;5;MSTC*;2;428,5994227846991;0,06036745406824147
10;5;TMSTC*;2;426,4425685352067;0,06824146981627296
10;5;MSTC*;4;243,3704184446519;0,1732283464566929
10;5;TMSTC*;4;256,68412694363667;0,1994750656167979
10;5;MSTC*;2;436,1561327303662;0,05774278215223097
10;5;TMSTC*;2;445,5979797464467;0,08398950131233596
10;5;MSTC*;4;255,89769113879612;0,15748031496062992
10;5;TMSTC*;4;253,5279942132705;0,2047244094488189
10;5;MSTC*;2;454,4411254969543;0,09448818897637795
10;5;TMSTC*;2;448,3851370704134;0,09711286089238845
10;5;MSTC*;4;252,0405482816533;0,18110236220472442
10;5;TMSTC*;4;256,54199131990566;0,2125984251968504
10;5;MSTC*;2;451,0125540683831;0,09186351706036745
10;5;TMSTC*;2;440,5279942132706;0,09186351706036745
10;5;MSTC*;4;248,15541121124;0,13123359580052493
10;5;TMSTC*;4;257,8424242313814;0,2152230971128609
10;5;MSTC*;2;427,09942278469913;0,047244094488188976
10;5;TMSTC*;2;446,48455985511237;0,08661417322834646
10;5;MSTC*;4;244,6988455693981;0,14435695538057744
10;5;TMSTC*;4;262,97056274847716;0,2388451443569554
10;5;MSTC*;2;429,0707070523025;0,03937007874015748
10;5;TMSTC*;2;450,5272726941443;0,09186351706036745
10;5;MSTC*;4;242,9705627484771;0,14435695538057744
10;5;TMSTC*;4;274,17012983700147;0,27296587926509186
10;5;MSTC*;2;428,75627703419144;0,04461942257217848
10;5;TMSTC*;2;426,2989898732234;0,03937007874015748
10;5;MSTC*;4;250,75483399593898;0,16272965879265092
10;5;TMSTC*;4;248,1274169979695;0,1679790026246719
10;5;MSTC*;2;445,2135641951595;0,07086614173228346
10;5;TMSTC*;2;446,3417027122553;0,07874015748031496
10;5;MSTC*;4;261,2555555150652;0,18635170603674542
10;5;TMSTC*;4;268,88441555128713;0,2099737532808399
10;5;MSTC*;2;456,26955262170077;0,09448818897637795
10;5;TMSTC*;2;431,1708513561276;0,06036745406824147
10;5;MSTC*;4;254,08326112068517;0,1732283464566929
10;5;TMSTC*;4;247,7562770341914;0,1679790026246719
10;5;MSTC*;2;452,4985569617476;0,08398950131233596
10;5;TMSTC*;2;450,1126983722081;0,07874015748031496
10;5;MSTC*;4;261,04199131990566;0,1968503937007874
10;5;TMSTC*;4;253,01327558750904;0,1889763779527559
10;5;MSTC*;2;445,72683978266883;0,07874015748031496
10;5;TMSTC*;2;452,8984126579224;0,09711286089238845
10;5;MSTC*;4;242,1701298370014;0,14960629921259844
10;5;TMSTC*;4;269,4256853520666;0,25196850393700787
10;5;MSTC*;2;441,99855696174785;0,06561679790026247
10;5;TMSTC*;2;446,96984122935095;0,08923884514435695
10;5;MSTC*;4;275,22756130179476;0,1889763779527559
10;5;TMSTC*;4;260,72683978266855;0,16272965879265092
10;5;MSTC*;2;451,3556998188905;0,08398950131233596
10;5;TMSTC*;2;444,01399710663526;0,08398950131233596
10;5;MSTC*;4;261,85497829976424;0,1889763779527559
10;5;TMSTC*;4;256,6274169979695;0,2204724409448819
10;5;MSTC*;2;432,5987012655729;0,047244094488188976
10;5;TMSTC*;2;441,41240976455794;0,07874015748031496
10;5;MSTC*;4;256,599422784699;0,16535433070866143
10;5;TMSTC*;4;268,1834054245104;0,2125984251968504
10;5;MSTC*;2;424,38513707041335;0,03674540682414698
10;5;TMSTC*;2;435,0132755875092;0,07086614173228346
10;5;MSTC*;4;238,17012983700144;0,12335958005249344
10;5;TMSTC*;4;271,6546896921137;0,23097112860892388
10;5;MSTC*;2;443,9271283903193;0,06561679790026247
10;5;TMSTC*;2;446,7408368893041;0,07874015748031496
10;5;MSTC*;4;254,8836940321609;0,1732283464566929
10;5;TMSTC*;4;276,9116882454314;0,26246719160104987
10;5;MSTC*;2;433,61341989133433;0,07086614173228346
10;5;TMSTC*;2;450,9985569617476;0,10236220472440945
10;5;MSTC*;4;260,92784990944523;0,1968503937007874
10;5;TMSTC*;4;266,2695526217004;0,2440944881889764
10;5;MSTC*;2;442,31370849898485;0,07611548556430446
10;5;TMSTC*;2;446,06998553317624;0,08661417322834646
10;5;MSTC*;4;267,1406925854785;0,1968503937007874
10;5;TMSTC*;4;242,5847041589376;0,14173228346456693
10;5;MSTC*;2;441,8129869798586;0,06824146981627296
10;5;TMSTC*;2;443,1554112112403;0,07611548556430446
10;5;MSTC*;4;250,81298697985855;0,1784776902887139
10;5;TMSTC*;4;268,4551226035895;0,2650918635170604
10;5;MSTC*;2;443,69884556939826;0,07611548556430446
10;5;TMSTC*;2;442,7128426760334;0,07611548556430446
10;5;MSTC*;4;256,0839826398114;0,2020997375328084
10;5;TMSTC*;4;248,94256853520665;0,16535433070866143
10;5;MSTC*;2;460,2268397826686;0,09448818897637795
10;5;TMSTC*;2;435,956565641842;0,08398950131233596
10;5;MSTC*;4;259,7128426760333;0,1942257217847769
10;5;TMSTC*;4;249,5559884265409;0,1968503937007874
10;5;MSTC*;2;449,26955262170054;0,08923884514435695
10;5;TMSTC*;2;447,98383833598626;0,08923884514435695
10;5;MSTC*;4;243,8122654607323;0,16535433070866143
10;5;TMSTC*;4;256,3129869798585;0,2047244094488189
10;5;MSTC*;2;432,01399710663526;0,06036745406824147
10;5;TMSTC*;2;425,19884556939826;0,047244094488188976
10;5;MSTC*;4;261,5854256780638;0,22572178477690288
10;5;TMSTC*;4;253,89913417704855;0,18110236220472442
10;5;MSTC*;2;427,47056274847716;0,04461942257217848
10;5;TMSTC*;2;436,64213562373095;0,07086614173228346
10;5;MSTC*;4;248,94040397782803;0,16535433070866143
10;5;TMSTC*;4;264,2135641951595;0,24934383202099739
10;5;MSTC*;2;433,19884556939815;0,05774278215223097
10;5;TMSTC*;2;432,0279942132706;0,07086614173228346
10;5;MSTC*;4;255,44112549695424;0,2020997375328084
10;5;TMSTC*;4;262,19884556939803;0,2204724409448819
10;5;MSTC*;2;436,6848484627629;0,06561679790026247
10;5;TMSTC*;2;428,74155840843;0,049868766404199474
10;5;MSTC*;4;261,62669547884326;0,2020997375328084
10;5;TMSTC*;4;247,94184701608046;0,1679790026246719
10;5;MSTC*;2;449,26955262170054;0,08923884514435695
10;5;TMSTC*;2;446,27099565995286;0,09973753280839895
10;5;MSTC*;4;247,81226546073233;0,15748031496062992
10;5;TMSTC*;4;256,3129869798585;0,2152230971128609
10;5;MSTC*;2;450,4845598551124;0,09448818897637795
10;5;TMSTC*;2;430,87113996377815;0,07349081364829396
10;5;MSTC*;4;248,35569981889043;0,1732283464566929
10;5;TMSTC*;4;262,9992784808738;0,15748031496062992
10;5;MSTC*;2;431,25627703419156;0,04461942257217848
10;5;TMSTC*;2;443,6995670885243;0,09711286089238845
10;5;MSTC*;4;247,59870126557283;0,16272965879265092
10;5;TMSTC*;4;264,26883110257427;0,23097112860892388
10;5;MSTC*;2;463,46911971022513;0,10498687664041995
10;5;TMSTC*;2;426,48455985511254;0,047244094488188976
10;5;MSTC*;4;251,24227992755615;0,1679790026246719
10;5;TMSTC*;4;264,9551226035895;0,2440944881889764
10;5;MSTC*;2;431,4705627484772;0,05774278215223097
10;5;TMSTC*;2;443,6126983722081;0,07611548556430446
10;5;MSTC*;4;251,7989898732233;0,1679790026246719
10;5;TMSTC*;4;250,69884556939806;0,1679790026246719
10;15;MSTC*;2;408,8277056056201;0,07331378299120235
10;15;TMSTC*;2;424,5412698007798;0,12023460410557185
10;15;MSTC*;4;245,3844155512871;0,20234604105571846
10;15;TMSTC*;4;247,68412694363664;0,20821114369501467
10;15;MSTC*;2;403,2709956599529;0,07331378299120235
10;15;TMSTC*;2;422,52655117501814;0,12023460410557185
10;15;MSTC*;4;225,69956708852428;0,15835777126099707
10;15;TMSTC*;4;233,48383833598612;0,17595307917888564
10;5;MSTC*;2;442,64141410460496;0,06824146981627296
10;5;TMSTC*;2;431,2422799275563;0,06299212598425197
10;5;MSTC*;4;246,6988455693981;0,15748031496062992
10;5;TMSTC*;4;261,09797974644664;0,22572178477690288
10;15;MSTC*;2;422,6988455693981;0,12023460410557185
10;15;TMSTC*;2;421,9271283903191;0,11143695014662756
10;15;MSTC*;4;225,19956708852428;0,16129032258064516
10;15;TMSTC*;4;239,46839819109852;0,2316715542521994
10;5;MSTC*;2;447,9705627484773;0,08661417322834646
10;5;TMSTC*;2;436,5707070523024;0,06824146981627296
10;5;MSTC*;4;259,3269840864938;0,2125984251968504
10;5;TMSTC*;4;257,78499276658806;0,2283464566929134
10;5;MSTC*;2;430,82770560562005;0,05774278215223097
10;5;TMSTC*;2;440,25627703419156;0,08923884514435695
10;5;MSTC*;4;242,48528137423855;0,14435695538057744
10;5;TMSTC*;4;249,88369403216092;0,18635170603674542
10;5;MSTC*;2;458,9411254969543;0,10236220472440945
10;5;TMSTC*;2;438,67012983700164;0,07611548556430446
10;5;MSTC*;4;270,61197685308184;0,2099737532808399
10;5;TMSTC*;4;259,2835497283357;0,2099737532808399
10;15;MSTC*;2;383,4138528028101;0,02932551319648094
10;15;TMSTC*;2;404,7275613017948;0,08504398826979472
10;15;MSTC*;4;227,1708513561276;0,18181818181818182
10;15;TMSTC*;4;234,6988455693981;0,21700879765395895
10;15;MSTC*;2;399,6274169979696;0,06451612903225806
10;15;TMSTC*;2;422,4124097645577;0,12316715542521994
10;15;MSTC*;4;240,72683978266852;0,16422287390029325
10;15;TMSTC*;4;240,61269837220806;0,21700879765395895
10;15;MSTC*;2;414,22683978266883;0,0967741935483871
10;15;TMSTC*;2;404,11341989133444;0,09970674486803519
10;15;MSTC*;4;224,05598842654092;0,17008797653958943
10;15;TMSTC*;4;237,98528137423855;0,26099706744868034
10;15;MSTC*;2;430,17012983700147;0,12316715542521994
10;15;TMSTC*;2;409,5279942132706;0,10263929618768329
10;15;MSTC*;4;241,56998553317618;0,20234604105571846
10;15;TMSTC*;4;253,8696969255257;0,2903225806451613
10;15;MSTC*;2;401,6274169979697;0,07331378299120235
10;15;TMSTC*;2;384,19956708852436;0,04105571847507331
10;15;MSTC*;4;221,05670994566714;0,15249266862170088
10;15;TMSTC*;4;221,94184701608043;0,15542521994134897
10;15;MSTC*;2;387,78499276658823;0,04398826979472141
10;15;TMSTC*;2;404,3564213380167;0,07624633431085044
10;15;MSTC*;4;231,55526690741468;0,17302052785923755
10;15;TMSTC*;4;242,9705627484771;0,1935483870967742
10;15;MSTC*;2;396,8424242313815;0,07038123167155426
10;15;TMSTC*;2;407,76955262170077;0,08211143695014662
10;15;MSTC*;4;239,94112549695424;0,2404692082111437
10;15;TMSTC*;4;234,0125540683828;0,187683284457478
10;15;MSTC*;2;409,08470415893777;0,07038123167155426
10;15;TMSTC*;2;424,38369403216126;0,10850439882697947
10;15;MSTC*;4;239,34170271225523;0,18181818181818182
10;15;TMSTC*;4;245,36897540639941;0,1906158357771261
10;15;MSTC*;2;420,0699855331764;0,08504398826979472
10;15;TMSTC*;2;418,58470415893777;0,10850439882697947
10;15;MSTC*;4;236,0552669074147;0,17888563049853373
10;15;TMSTC*;4;232,1701298370014;0,18475073313782991
10;15;MSTC*;2;417,79826835409733;0,07331378299120235
10;15;TMSTC*;2;403,05526690741505;0,06744868035190615
10;15;MSTC*;4;250,35642133801664;0,2316715542521994
10;15;TMSTC*;4;238,78499276658806;0,2375366568914956
10;15;MSTC*;2;402,12741699796953;0,06158357771260997
10;15;TMSTC*;2;413,04199131990583;0,0967741935483871
10;15;MSTC*;4;247,02799421327046;0,24926686217008798
10;15;TMSTC*;4;248,05526690741473;0,2756598240469208
10;15;MSTC*;2;419,5552669074148;0,09970674486803519
10;15;TMSTC*;2;411,0987012655731;0,09970674486803519
10;15;MSTC*;4;247,56926401405;0,2434017595307918
10;15;TMSTC*;4;252,63997106635236;0,2873900293255132
10;15;MSTC*;2;411,0419913199057;0,08504398826979472
10;15;TMSTC*;2;427,2555555150653;0,12316715542521994
10;15;MSTC*;4;260,026551175018;0,26099706744868034
10;15;TMSTC*;4;280,1259739597171;0,25219941348973607
10;15;MSTC*;2;413,3137084989848;0,093841642228739
10;15;TMSTC*;2;415,28427124746213;0,10557184750733138
10;15;MSTC*;4;242,31370849898477;0,21700879765395895
10;15;TMSTC*;4;251,2982683540971;0,2844574780058651
10;15;MSTC*;2;416,1554112112402;0,09970674486803519
10;15;TMSTC*;2;403,2135641951596;0,08797653958944282
10;15;MSTC*;4;220,77027414082664;0,16422287390029325
10;15;TMSTC*;4;240,58398263981138;0,25513196480938416
10;15;MSTC*;2;397,7997113923496;0,06158357771260997
10;15;TMSTC*;2;404,6561327303662;0,07624633431085044
10;15;MSTC*;4;240,25555551506523;0,21114369501466276
10;15;TMSTC*;4;237,8549782997642;0,19648093841642228
10;15;MSTC*;2;419,49927848087384;0,10557184750733138
10;15;TMSTC*;2;421,75627703419156;0,12023460410557185
10;15;MSTC*;4;266,74155840842997;0,3284457478005865
10;15;TMSTC*;4;248,89913417704852;0,2785923753665689
10;15;MSTC*;2;414,7702741408267;0,0967741935483871
10;15;TMSTC*;2;416,22683978266883;0,0967741935483871
10;15;MSTC*;4;238,02727269414427;0,2287390029325513
10;15;TMSTC*;4;246,74155840842997;0,25806451612903225
10;15;MSTC*;2;409,61341989133444;0,07331378299120235
10;15;TMSTC*;2;410,81370849898485;0,10557184750733138
10;15;MSTC*;4;235,47056274847714;0,20821114369501467
10;15;TMSTC*;4;259,3129869798585;0,2404692082111437
10;15;MSTC*;2;424,79826835409716;0,12316715542521994
10;15;TMSTC*;2;406,6848484627629;0,0967741935483871
10;15;MSTC*;4;248,2835497283357;0,2727272727272727
10;15;TMSTC*;4;232,47056274847714;0,21114369501466276
10;15;MSTC*;2;414,44184701608054;0,08797653958944282
10;15;TMSTC*;2;405,1981240502722;0,07917888563049853
10;15;MSTC*;4;226,42712839031898;0,15249266862170088
10;15;TMSTC*;4;234,39913417704855;0,21114369501466276
10;15;MSTC*;2;404,81298697985875;0,06451612903225806
10;15;TMSTC*;2;414,45512260358976;0,08797653958944282
10;15;MSTC*;4;234,82770560561997;0,187683284457478
10;15;TMSTC*;4;240,55598842654092;0,22287390029325513
10;15;MSTC*;2;403,38513707041335;0,06744868035190615
10;15;TMSTC*;2;398,98455985511254;0,06451612903225806
10;15;MSTC*;4;227,0412698007795;0,15542521994134897
10;15;TMSTC*;4;229,61341989133425;0,19648093841642228
10;15;MSTC*;2;422,28427124746196;0,093841642228739
10;15;TMSTC*;2;419,92712839031907;0,12316715542521994
10;15;MSTC*;4;240,69812405027184;0,2316715542521994
10;15;TMSTC*;4;242,51327558750904;0,24633431085043989
10;15;MSTC*;2;415,913131283684;0,08797653958944282
10;15;TMSTC*;2;392,28499276658823;0,04105571847507331
10;15;MSTC*;4;233,3844155512871;0,1935483870967742
10;15;TMSTC*;4;233,1988455693981;0,1906158357771261
10;15;MSTC*;2;429,35569981889046;0,10263929618768329
10;15;TMSTC*;2;439,98455985511237;0,16129032258064516
10;15;MSTC*;4;244,71284267603332;0,23460410557184752
10;15;TMSTC*;4;261,6988455693981;0,3020527859237537
10;15;MSTC*;2;405,5419913199057;0,06158357771260997
10;15;TMSTC*;2;421,5125540683829;0,11436950146627566
10;15;MSTC*;4;238,2989898732233;0,21114369501466276
10;15;TMSTC*;4;257,81370849898474;0,31378299120234604
10;15;MSTC*;2;407,67012983700164;0,07917888563049853
10;15;TMSTC*;2;420,783549728336;0,11730205278592376
10;15;MSTC*;4;237,82698408649378;0,1935483870967742
10;15;TMSTC*;4;254,89913417704852;0,28152492668621704
10;15;MSTC*;2;402,3991341770487;0,06451612903225806
10;15;TMSTC*;2;406,92784990944534;0,08504398826979472
10;15;MSTC*;4;224,41385280280997;0,16422287390029325
10;15;TMSTC*;4;223,75555551506517;0,1466275659824047
10;15;MSTC*;2;403,3991341770487;0,04985337243401759
10;15;TMSTC*;2;428,5839826398115;0,10850439882697947
10;15;MSTC*;4;242,6701298370014;0,15835777126099707
10;15;TMSTC*;4;257,1981240502719;0,2727272727272727
10;15;MSTC*;2;417,32698408649406;0,09970674486803519
10;15;TMSTC*;2;407,62741699796953;0,0967741935483871
10;15;MSTC*;4;244,65541121124002;0,2316715542521994
10;15;TMSTC*;4;239,08542567806379;0,1935483870967742
10;15;MSTC*;2;418,17012983700147;0,09970674486803519
10;15;TMSTC*;2;435,96984122935095;0,15542521994134897
10;15;MSTC*;4;244,48455985511237;0,2316715542521994
10;15;TMSTC*;4;260,0419913199057;0,3255131964809384
10;15;MSTC*;2;422,99855696174785;0,11143695014662756
10;15;TMSTC*;2;421,5272726941443;0,11143695014662756
10;15;MSTC*;4;241,340981193129;0,20821114369501467
10;15;TMSTC*;4;248,95512260358947;0,24633431085043989
10;15;MSTC*;2;414,2422799275563;0,06451612903225806
10;15;TMSTC*;2;426,6274169979697;0,12316715542521994
10;15;MSTC*;4;224,65685424949237;0,10850439882697947
10;15;TMSTC*;4;237,38513707041332;0,2434017595307918
10;15;MSTC*;2;409,3696969255258;0,07331378299120235
10;15;TMSTC*;2;408,6841269436369;0,093841642228739
10;15;MSTC*;4;252,44112549695424;0,21114369501466276
10;15;TMSTC*;4;248,35569981889043;0,2727272727272727
10;15;MSTC*;2;402,44184701608066;0,05278592375366569
10;15;TMSTC*;2;399,3424242313814;0,06451612903225806
10;15;MSTC*;4;245,45512260358947;0,25806451612903225
10;15;TMSTC*;4;222,44184701608046;0,16422287390029325
10;15;MSTC*;2;411,44184701608066;0,0967741935483871
10;15;TMSTC*;2;406,42784990944534;0,08797653958944282
10;15;MSTC*;4;244,52799421327046;0,24926686217008798
10;15;TMSTC*;4;230,1708513561276;0,21407624633431085
10;15;MSTC*;2;407,0272726941443;0,07917888563049853
10;15;TMSTC*;2;396,31370849898485;0,06744868035190615
10;15;MSTC*;4;245,79898987322332;0,21700879765395895
10;15;TMSTC*;4;231,71356419515953;0,17888563049853373
10;15;MSTC*;2;397,11341989133444;0,05278592375366569
10;15;TMSTC*;2;413,7135641951595;0,11143695014662756
10;15;MSTC*;4;229,1274169979695;0,17302052785923755
10;15;TMSTC*;4;242,01255406838283;0,2404692082111437
10;15;MSTC*;2;408,2135641951596;0,07624633431085044
10;15;TMSTC*;2;380,2989898732235;0,03225806451612903
10;15;MSTC*;4;237,5419913199057;0,19648093841642228
10;15;TMSTC*;4;220,1274169979695;0,17302052785923755
10;15;MSTC*;2;395,4992784808739;0,04398826979472141
10;15;TMSTC*;2;408,6561327303663;0,09090909090909091
10;15;MSTC*;4;220,89913417704852;0,1348973607038123
10;15;TMSTC*;4;233,27027414082661;0,17595307917888564
10;15;MSTC*;2;418,07070705230245;0,09970674486803519
10;15;TMSTC*;2;399,25627703419144;0,07038123167155426
10;15;MSTC*;4;239,32770560561997;0,1906158357771261
10;15;TMSTC*;4;235,11269837220806;0,21994134897360704
10;15;MSTC*;2;424,0125540683831;0,11436950146627566
10;15;TMSTC*;2;419,413131283684;0,11436950146627566
10;15;MSTC*;4;255,19884556939806;0,2756598240469208
10;15;TMSTC*;4;248,09870126557283;0,2404692082111437
10;15;MSTC*;2;432,8991341770486;0,1378299120234604
10;15;TMSTC*;2;427,2275613017948;0,13196480938416422
10;15;MSTC*;4;275,3122654607323;0,3812316715542522
10;15;TMSTC*;4;271,56926401404996;0,3812316715542522
10;15;MSTC*;2;420,1554112112403;0,11143695014662756
10;15;TMSTC*;2;401,3556998188907;0,07624633431085044
10;15;MSTC*;4;257,86969692552566;0,25806451612903225
10;15;TMSTC*;4;247,64141410460473;0,2756598240469208
10;15;MSTC*;2;413,19884556939826;0,07331378299120235
10;15;TMSTC*;2;429,44112549695456;0,13196480938416422
10;15;MSTC*;4;229,74227992755615;0,17302052785923755
10;15;TMSTC*;4;241,05670994566714;0,23460410557184752
10;15;MSTC*;2;402,7702741408267;0,06158357771260997
10;15;TMSTC*;2;430,62741699796953;0,13196480938416422
10;15;MSTC*;4;241,72756130179474;0,26099706744868034
10;15;TMSTC*;4;241,95584412271572;0,24926686217008798
10;15;MSTC*;2;423,684848462763;0,12316715542521994
10;15;TMSTC*;2;426,45584412271575;0,12609970674486803
10;15;MSTC*;4;232,91385280280997;0,18475073313782991
10;15;TMSTC*;4;242,49783544262138;0,21407624633431085
10;15;MSTC*;2;408,55598842654115;0,06451612903225806
10;15;TMSTC*;2;400,0567099456672;0,07624633431085044
10;15;MSTC*;4;235,84170271225523;0,19648093841642228
10;15;TMSTC*;4;260,7695526217004;0,3020527859237537
10;15;MSTC*;2;408,6561327303662;0,08797653958944282
10;15;TMSTC*;2;410,22683978266883;0,08504398826979472
10;15;MSTC*;4;244,05526690741476;0,23460410557184752
10;15;TMSTC*;4;246,39841265792236;0,25513196480938416
10;15;MSTC*;2;401,45656564184196;0,06744868035190615
10;15;TMSTC*;2;399,8417027122554;0,08797653958944282
10;15;MSTC*;4;245,35642133801664;0,26392961876832843
10;15;TMSTC*;4;224,9278499094452;0,18475073313782991
10;15;MSTC*;2;401,98528137423864;0,07624633431085044
10;15;TMSTC*;2;397,5994227846991;0,06744868035190615
10;15;MSTC*;4;227,68484846276286;0,17008797653958943
10;15;TMSTC*;4;238,76955262170046;0,21114369501466276
10;15;MSTC*;2;403,7128426760334;0,06158357771260997
10;15;TMSTC*;2;419,698124050272;0,11143695014662756
10;15;MSTC*;4;249,5545453882885;0,2434017595307918
10;15;TMSTC*;4;231,45584412271566;0,1935483870967742
10;15;MSTC*;2;434,7128426760336;0,12316715542521994
10;15;TMSTC*;2;373,62813851709575;0,01466275659824047
10;15;MSTC*;4;270,05670994566714;0,36363636363636365
10;15;TMSTC*;4;241,04126980077947;0,22580645161290322
10;15;MSTC*;2;420,413131283684;0,08504398826979472
10;15;TMSTC*;2;416,4558441227159;0,12609970674486803
10;15;MSTC*;4;252,66940831787522;0,2697947214076246
10;15;TMSTC*;4;259,2982683540971;0,3489736070381232
10;15;MSTC*;2;422,44112549695456;0,08797653958944282
10;15;TMSTC*;2;419,2408368893041;0,0967741935483871
10;15;MSTC*;4;246,8402596740028;0,25513196480938416
10;15;TMSTC*;4;227,52727269414427;0,17888563049853373
10;15;MSTC*;2;427,1274169979696;0,10557184750733138
10;15;TMSTC*;2;431,3696969255258;0,1348973607038123
10;15;MSTC*;4;231,6126983722081;0,16422287390029325
10;15;TMSTC*;4;250,24083688930378;0,26099706744868034
10;15;MSTC*;2;401,1561327303663;0,05571847507331378
10;15;TMSTC*;2;412,2415584084302;0,08797653958944282
10;15;MSTC*;4;239,013275587509;0,18475073313782991
10;15;TMSTC*;4;237,7275613017947;0,23460410557184752
10;15;MSTC*;2;429,49855696174785;0,11436950146627566
10;15;TMSTC*;2;424,4124097645577;0,12316715542521994
10;15;MSTC*;4;242,65685424949237;0,18181818181818182
10;15;TMSTC*;4;248,78499276658806;0,2316715542521994
10;15;MSTC*;2;391,9852813742386;0,0469208211143695
10;15;TMSTC*;2;410,5419913199057;0,0967741935483871
10;15;MSTC*;4;234,11341989133427;0,18181818181818182
10;15;TMSTC*;4;249,06926401404996;0,25806451612903225
10;15;MSTC*;2;414,6274169979697;0,0967741935483871
10;15;TMSTC*;2;409,6848484627629;0,07917888563049853
10;15;MSTC*;4;253,24155840842997;0,24633431085043989
10;15;TMSTC*;4;242,82770560562;0,24926686217008798
10;15;MSTC*;2;413,7128426760336;0,08504398826979472
10;15;TMSTC*;2;403,9705627484773;0,09090909090909091
10;15;MSTC*;4;242,67012983700138;0,2404692082111437
10;15;TMSTC*;4;238,05598842654092;0,23460410557184752
10;15;MSTC*;2;421,98455985511254;0,11436950146627566
10;15;TMSTC*;2;433,5987012655729;0,1495601173020528
10;15;MSTC*;4;267,3836940321609;0,2991202346041056
10;15;TMSTC*;4;264,2688311025742;0,36950146627565983
10;15;MSTC*;2;422,0987012655729;0,10850439882697947
10;15;TMSTC*;2;412,54126980077956;0,08797653958944282
10;15;MSTC*;4;251,77027414082664;0,2756598240469208
10;15;TMSTC*;4;256,7275613017947;0,30498533724340177
10;15;MSTC*;2;399,0707070523025;0,06744868035190615
10;15;TMSTC*;2;400,5272726941443;0,07331378299120235
10;15;MSTC*;4;237,48383833598615;0,20234604105571846
10;15;TMSTC*;4;234,84170271225523;0,20821114369501467
10;15;MSTC*;2;404,48528137423864;0,07331378299120235
10;15;TMSTC*;2;428,91240976455794;0,13196480938416422
10;15;MSTC*;4;252,06998553317615;0,2697947214076246
10;15;TMSTC*;4;257,49855696174757;0,3196480938416422
10;15;MSTC*;2;433,4558441227159;0,14076246334310852
10;15;TMSTC*;2;416,1126983722081;0,11143695014662756
10;15;MSTC*;4;245,56926401404993;0,19648093841642228
10;15;TMSTC*;4;239,91385280280997;0,24926686217008798
10;15;MSTC*;2;401,01399710663526;0,06744868035190615
10;15;TMSTC*;2;410,82698408649384;0,10263929618768329
10;15;MSTC*;4;245,9691197102247;0,26392961876832843
10;15;TMSTC*;4;247,89769113879615;0,2434017595307918
10;15;MSTC*;2;403,184848462763;0,07624633431085044
10;15;TMSTC*;2;410,64141410460496;0,09970674486803519
10;15;MSTC*;4;232,51327558750904;0,16422287390029325
10;15;TMSTC*;4;242,54126980077947;0,24926686217008798
10;15;MSTC*;2;401,4992784808739;0,05571847507331378
10;15;TMSTC*;2;414,69884556939815;0,08797653958944282
10;15;MSTC*;4;240,75627703419138;0,20234604105571846
10;15;TMSTC*;4;249,1274169979695;0,2727272727272727
10;15;MSTC*;2;428,67012983700147;0,11436950146627566
10;15;TMSTC*;2;430,198124050272;0,12023460410557185
10;15;MSTC*;4;262,8836940321609;0,2932551319648094
10;15;TMSTC*;4;268,9264068711928;0,3548387096774194
10;15;MSTC*;2;424,25627703419144;0,12316715542521994
10;15;TMSTC*;2;406,6995670885243;0,08797653958944282
10;15;MSTC*;4;235,98455985511234;0,17595307917888564
10;15;TMSTC*;4;250,04199131990572;0,24926686217008798
10;15;MSTC*;2;414,62741699796953;0,08504398826979472
10;15;TMSTC*;2;419,7135641951596;0,12609970674486803
10;15;MSTC*;4;227,88513707041332;0,187683284457478
10;15;TMSTC*;4;258,55670994566714;0,3196480938416422
10;15;MSTC*;2;431,17012983700164;0,11143695014662756
10;15;TMSTC*;2;428,8556998188907;0,12023460410557185
10;15;MSTC*;4;255,1701298370014;0,23460410557184752
10;15;TMSTC*;4;256,0118325492566;0,2785923753665689
10;15;MSTC*;2;404,9558441227159;0,06451612903225806
10;15;TMSTC*;2;417,883694032161;0,11143695014662756
10;15;MSTC*;4;236,39841265792236;0,20234604105571846
10;15;TMSTC*;4;249,0111110301304;0,2844574780058651
10;15;MSTC*;2;401,98528137423864;0,07331378299120235
10;15;TMSTC*;2;413,74155840843;0,0967741935483871
10;15;MSTC*;4;239,7562770341914;0,17302052785923755
10;15;TMSTC*;4;261,8417027122552;0,2932551319648094
10;15;MSTC*;2;423,8984126579224;0,09970674486803519
10;15;TMSTC*;2;417,78499276658823;0,12609970674486803
10;15;MSTC*;4;251,36897540639947;0,2404692082111437
10;15;TMSTC*;4;257,54199131990566;0,2932551319648094
10;15;MSTC*;2;398,41385280281;0,0469208211143695
10;15;TMSTC*;2;411,8556998188907;0,09970674486803519
10;15;MSTC*;4;223,47056274847714;0,13196480938416422
10;15;TMSTC*;4;247,68484846276286;0,26099706744868034
10;15;MSTC*;2;420,2842712474619;0,0967741935483871
10;15;TMSTC*;2;396,3851370704134;0,06451612903225806
10;15;MSTC*;4;249,427128390319;0,2785923753665689
10;15;TMSTC*;4;248,2128426760333;0,2873900293255132
10;15;MSTC*;2;409,1414141046048;0,07624633431085044
10;15;TMSTC*;2;417,3984126579224;0,11143695014662756
10;15;MSTC*;4;255,69668101201944;0,24633431085043989
10;15;TMSTC*;4;244,2128426760333;0,2316715542521994
10;15;MSTC*;2;409,08470415893777;0,07331378299120235
10;15;TMSTC*;2;396,7422799275563;0,06158357771260997
10;15;MSTC*;4;241,38441555128708;0,2287390029325513
10;15;TMSTC*;4;241,35569981889046;0,2375366568914956
10;15;MSTC*;2;396,09942278469913;0,05865102639296188
10;15;TMSTC*;2;391,4705627484772;0,05278592375366569
10;15;MSTC*;4;235,84170271225523;0,17595307917888564
10;15;TMSTC*;4;241,17085135612763;0,2316715542521994
10;15;MSTC*;2;421,66940831787554;0,09970674486803519
10;15;TMSTC*;2;401,5279942132706;0,08211143695014662
10;15;MSTC*;4;249,72683978266855;0,2668621700879765
10;15;TMSTC*;4;237,52727269414424;0,2434017595307918
10;15;MSTC*;2;415,78427124746213;0,10263929618768329
10;15;TMSTC*;2;408,82698408649406;0,0967741935483871
10;15;MSTC*;4;237,95656564184188;0,21407624633431085
10;15;TMSTC*;4;229,96984122935095;0,18475073313782991
10;15;MSTC*;2;411,98455985511254;0,08797653958944282
10;15;TMSTC*;2;413,74155840843;0,09970674486803519
10;15;MSTC*;4;248,48455985511237;0,26099706744868034
10;15;TMSTC*;4;253,01327558750904;0,2961876832844575
10;15;MSTC*;2;431,14141410460473;0,1466275659824047
10;15;TMSTC*;2;425,74155840843;0,1348973607038123
10;15;MSTC*;4;226,65541121123997;0,17595307917888564
10;15;TMSTC*;4;269,7989898732233;0,2697947214076246
10;15;MSTC*;2;410,0125540683829;0,07038123167155426
10;15;TMSTC*;2;402,58470415893765;0,06451612903225806
10;15;MSTC*;4;230,92712839031904;0,13196480938416422
10;15;TMSTC*;4;218,28427124746185;0,1378299120234604
10;15;MSTC*;2;425,8122654607327;0,12316715542521994
10;15;TMSTC*;2;424,59797974644675;0,11730205278592376
10;15;MSTC*;4;236,9985569617476;0,21407624633431085
10;15;TMSTC*;4;240,5839826398114;0,2316715542521994
10;15;MSTC*;2;401,8424242313814;0,06451612903225806
10;15;TMSTC*;2;401,0125540683831;0,06451612903225806
10;15;MSTC*;4;241,27027414082664;0,20234604105571846
10;15;TMSTC*;4;227,7128426760333;0,187683284457478
10;15;MSTC*;2;427,8122654607325;0,12609970674486803
10;15;TMSTC*;2;408,4992784808739;0,10557184750733138
10;15;MSTC*;4;232,58398263981138;0,20821114369501467
10;15;TMSTC*;4;238,927128390319;0,2316715542521994
10;15;MSTC*;2;447,72683978266883;0,15835777126099707
10;15;TMSTC*;2;421,61341989133444;0,11143695014662756
10;15;MSTC*;4;253,77027414082661;0,2903225806451613
10;15;TMSTC*;4;249,28499276658806;0,2727272727272727
10;15;MSTC*;2;428,21284267603335;0,11730205278592376
10;15;TMSTC*;2;415,7842712474619;0,10850439882697947
10;15;MSTC*;4;253,82626256736756;0,2668621700879765
10;15;TMSTC*;4;249,3844155512871;0,2873900293255132
10;15;MSTC*;2;428,097979746447;0,09970674486803519
10;15;TMSTC*;2;405,11341989133444;0,07331378299120235
10;15;MSTC*;4;253,24155840842994;0,21700879765395895
10;15;TMSTC*;4;241,25555551506517;0,19941348973607037
10;15;MSTC*;2;423,98455985511237;0,11143695014662756
10;15;TMSTC*;2;393,85642133801673;0,06158357771260997
10;15;MSTC*;4;227,95656564184188;0,17302052785923755
10;15;TMSTC*;4;237,68484846276283;0,24633431085043989
10;15;MSTC*;2;404,9992784808739;0,07624633431085044
10;15;TMSTC*;2;412,6848484627629;0,11436950146627566
10;15;MSTC*;4;253,29754683497092;0,2375366568914956
10;15;TMSTC*;4;240,74155840842994;0,2287390029325513
10;15;MSTC*;2;404,3991341770487;0,07331378299120235
10;15;TMSTC*;2;420,3409811931293;0,11436950146627566
10;15;MSTC*;4;234,98528137423855;0,20527859237536658
10;15;TMSTC*;4;239,24227992755615;0,2434017595307918
10;15;MSTC*;2;411,89841265792256;0,08504398826979472
10;15;TMSTC*;2;425,87041844465193;0,13196480938416422
10;15;MSTC*;4;257,28499276658806;0,30498533724340177
10;15;TMSTC*;4;266,2408368893038;0,3255131964809384
10;40;MSTC*;2;324,12741699796965;0,17427385892116182
10;40;TMSTC*;2;322,84170271225537;0,17427385892116182
10;40;MSTC*;4;200,0552669074147;0,3817427385892116
10;40;TMSTC*;4;196,74155840842994;0,3817427385892116
10;40;MSTC*;2;319,59870126557297;0,14937759336099585
10;40;TMSTC*;2;314,9558441227158;0,13278008298755187
10;40;MSTC*;4;212,9698412293509;0,49377593360995853
10;40;TMSTC*;4;210,41313128368378;0,45228215767634855
10;40;MSTC*;2;329,0419913199057;0,1825726141078838
10;40;TMSTC*;2;339,87041844465193;0,23651452282157676
10;40;MSTC*;4;235,54126980077947;0,6473029045643154
10;40;TMSTC*;4;238,62669547884332;0,6929460580912863
10;40;MSTC*;2;331,1126983722081;0,1825726141078838
10;40;TMSTC*;2;314,1274169979696;0,13692946058091288
10;40;MSTC*;4;214,4256853520666;0,4605809128630705
10;40;TMSTC*;4;218,168686798749;0,44813278008298757
10;40;MSTC*;2;309,2275613017948;0,11618257261410789
10;40;TMSTC*;2;304,3564213380167;0,1078838174273859
10;40;MSTC*;4;213,24155840842997;0,4315352697095436
10;40;TMSTC*;4;215,5847041589376;0,3983402489626556
10;40;MSTC*;2;304,62813851709575;0,1078838174273859
10;40;TMSTC*;2;304,62813851709575;0,11203319502074689
10;40;MSTC*;4;205,9558441227157;0,4605809128630705
10;40;TMSTC*;4;199,4985569617476;0,38589211618257263
10;40;MSTC*;2;358,413131283684;0,27385892116182575
10;40;TMSTC*;2;363,8417027122554;0,2987551867219917
10;40;MSTC*;4;221,34098119312904;0,5186721991701245
10;40;TMSTC*;4;229,88441555128708;0,5767634854771784
10;40;MSTC*;2;347,826984086494;0,24481327800829875
10;40;TMSTC*;2;346,54126980077973;0,24481327800829875
10;40;MSTC*;4;206,0832611206852;0,3775933609958506
10;40;TMSTC*;4;205,44040397782805;0,3775933609958506
10;40;MSTC*;2;363,0132755875091;0,3070539419087137
10;40;TMSTC*;2;372,2989898732234;0,3236514522821577
10;40;MSTC*;4;251,91240976455757;0,7883817427385892
10;40;TMSTC*;4;247,11197685308184;0,7551867219917012
10;40;MSTC*;2;339,72756130179494;0,21991701244813278
10;40;TMSTC*;2;324,69884556939815;0,17012448132780084
10;40;MSTC*;4;220,69812405027184;0,5311203319502075
10;40;TMSTC*;4;231,26955262170043;0,5518672199170125
10;40;MSTC*;2;356,76955262170054;0,2863070539419087
10;40;TMSTC*;2;356,76955262170054;0,29045643153526973
10;40;MSTC*;4;233,7828282092095;0,5850622406639004
10;40;TMSTC*;4;241,1399710663523;0,5477178423236515
10;40;MSTC*;2;325,48455985511237;0,18672199170124482
10;40;TMSTC*;2;332,95584412271575;0,1950207468879668
10;40;MSTC*;4;237,2975468349709;0,6182572614107884
10;40;TMSTC*;4;245,99855696174762;0,6887966804979253
10;40;MSTC*;2;319,87041844465193;0,14937759336099585
10;40;TMSTC*;2;322,1988455693982;0,17427385892116182
10;40;MSTC*;4;218,99783544262138;0,5062240663900415
10;40;TMSTC*;4;231,94040397782805;0,5186721991701245
10;40;MSTC*;2;354,512554068383;0,26141078838174275
10;40;TMSTC*;2;353,36969692552594;0,27800829875518673
10;40;MSTC*;4;234,05454538828852;0,5809128630705395
10;40;TMSTC*;4;230,25555551506523;0,5103734439834025
10;40;MSTC*;2;328,44184701608054;0,1825726141078838
10;40;TMSTC*;2;322,3991341770486;0,17012448132780084
10;40;MSTC*;4;227,4978354426214;0,5809128630705395
10;40;TMSTC*;4;222,02727269414424;0,4979253112033195
10;40;MSTC*;2;334,37041844465193;0,2033195020746888
10;40;TMSTC*;2;334,37041844465193;0,2033195020746888
10;40;MSTC*;4;203,99927848087378;0,4149377593360996
10;40;TMSTC*;4;238,64141410460473;0,5767634854771784
10;40;MSTC*;2;314,2849927665882;0,12448132780082988
10;40;TMSTC*;2;328,4271283903191;0,1908713692946058
10;40;MSTC*;4;189,35642133801664;0,29045643153526973
10;40;TMSTC*;4;193,7555555150652;0,34439834024896265
10;40;MSTC*;2;329,1841269436368;0,1825726141078838
10;40;TMSTC*;2;322,35569981889057;0,16182572614107885
10;40;MSTC*;4;205,7989898732233;0,4107883817427386
10;40;TMSTC*;4;205,7989898732233;0,3817427385892116
10;40;MSTC*;2;323,94184701608054;0,15767634854771784
10;40;TMSTC*;2;328,6988455693981;0,1908713692946058
10;40;MSTC*;4;227,68412694363664;0,6390041493775933
10;40;TMSTC*;4;227,54126980077947;0,5726141078838174
10;40;MSTC*;2;310,05670994566714;0,14937759336099585
10;40;TMSTC*;2;307,4852813742386;0,14937759336099585
10;40;MSTC*;4;218,82770560561997;0,5933609958506224
10;40;TMSTC*;4;218,22828282092095;0,5933609958506224
10;40;MSTC*;2;357,2268397826686;0,2821576763485477
10;40;TMSTC*;2;310,7989898732234;0,14522821576763487
10;40;MSTC*;4;230,85497829976424;0,6058091286307054
10;40;TMSTC*;4;220,1694083178752;0,4315352697095436
10;40;MSTC*;2;358,8844155512872;0,29045643153526973
10;40;TMSTC*;2;358,8844155512872;0,29045643153526973
10;40;MSTC*;4;243,65541121123997;0,7178423236514523
10;40;TMSTC*;4;241,35569981889043;0,6929460580912863
10;40;MSTC*;2;349,1988455693981;0,23236514522821577
10;40;TMSTC*;2;347,9131312836838;0,23236514522821577
10;40;MSTC*;4;233,340981193129;0,5767634854771784
10;40;TMSTC*;4;225,11269837220806;0,5643153526970954
10;40;MSTC*;2;345,77027414082687;0,21991701244813278
10;40;TMSTC*;2;345,1561327303663;0,24066390041493776
10;40;MSTC*;4;195,31298697985852;0,3651452282157676
10;40;TMSTC*;4;197,95584412271566;0,3817427385892116
10;40;MSTC*;2;345,59797974644675;0,22406639004149378
10;40;TMSTC*;2;352,3122654607325;0,25311203319502074
10;40;MSTC*;4;212,7562770341914;0,4730290456431535
10;40;TMSTC*;4;206,02727269414424;0,4107883817427386
10;40;MSTC*;2;331,61341989133433;0,18672199170124482
10;40;TMSTC*;2;321,57070705230245;0,16597510373443983
10;40;MSTC*;4;213,8844155512871;0,3817427385892116
10;40;TMSTC*;4;194,55598842654092;0,35684647302904565
10;40;MSTC*;2;353,4845598551125;0,2946058091286307
10;40;TMSTC*;2;352,62741699796953;0,2946058091286307
10;40;MSTC*;4;206,78427124746185;0,42323651452282157
10;40;TMSTC*;4;222,14141410460476;0,5228215767634855
10;40;MSTC*;2;346,97056274847716;0,25311203319502074
10;40;TMSTC*;2;328,3991341770486;0,18672199170124482
10;40;MSTC*;4;211,54199131990572;0,47717842323651455
10;40;TMSTC*;4;215,01327558750904;0,43983402489626555
10;40;MSTC*;2;331,82770560562;0,21991701244813278
10;40;TMSTC*;2;338,0559884265411;0,22821576763485477
10;40;MSTC*;4;228,6694083178752;0,5975103734439834
10;40;TMSTC*;4;224,5552669074147;0,5809128630705395
10;40;MSTC*;2;345,61341989133444;0,24066390041493776
10;40;TMSTC*;2;342,6834054245107;0,22821576763485477
10;40;MSTC*;4;210,69740253114566;0,42323651452282157
10;40;TMSTC*;4;207,59725822732045;0,42738589211618255
10;40;MSTC*;2;335,94184701608054;0,22821576763485477
10;40;TMSTC*;2;318,5419913199057;0,17427385892116182
10;40;MSTC*;4;231,5847041589376;0,5933609958506224
10;40;TMSTC*;4;230,14141410460476;0,5394190871369294
10;40;MSTC*;2;334,1274169979696;0,21161825726141079
10;40;TMSTC*;2;343,34170271225537;0,24066390041493776
10;40;MSTC*;4;212,46984122935092;0,4854771784232365
10;40;TMSTC*;4;213,5847041589376;0,5062240663900415
10;40;MSTC*;2;393,1841269436368;0,43568464730290457
10;40;TMSTC*;2;394,46984122935106;0,43568464730290457
10;40;MSTC*;4;253,86969692552566;0,7800829875518672
10;40;TMSTC*;4;241,65613273036615;0,7551867219917012
10;40;MSTC*;2;356,4411254969543;0,27800829875518673
10;40;TMSTC*;2;348,21284267603335;0,26141078838174275
10;40;MSTC*;4;217,0405482816533;0,48132780082987553
10;40;TMSTC*;4;219,35569981889049;0,5062240663900415
10;40;MSTC*;2;337,2982683540973;0,2033195020746888
10;40;TMSTC*;2;331,2275613017948;0,1991701244813278
10;40;MSTC*;4;205,3836940321609;0,4190871369294606
10;40;TMSTC*;4;202,81226546073233;0,4190871369294606
10;40;MSTC*;2;300,67085135612757;0,08298755186721991
10;40;TMSTC*;2;301,92784990944523;0,12863070539419086
10;40;MSTC*;4;229,32698408649378;0,5352697095435685
10;40;TMSTC*;4;203,0847041589376;0,4149377593360996
10;40;MSTC*;2;342,2562770341915;0,23651452282157676
10;40;TMSTC*;2;332,21356419515956;0,2157676348547718
10;40;MSTC*;4;215,72756130179474;0,4605809128630705
10;40;TMSTC*;4;216,3704184446519;0,5228215767634855
10;40;MSTC*;2;337,598701265573;0,23236514522821577
10;40;TMSTC*;2;336,3129869798587;0,23236514522821577
10;40;MSTC*;4;224,840981193129;0,5809128630705395
10;40;TMSTC*;4;223,5552669074147;0,5892116182572614
10;40;MSTC*;2;361,4551226035897;0,27385892116182575
10;40;TMSTC*;2;363,79826835409733;0,2946058091286307
10;40;MSTC*;4;268,612698372208;0,7800829875518672
10;40;TMSTC*;4;269,1546896921138;0,8132780082987552
10;40;MSTC*;2;364,5272726941444;0,3029045643153527
10;40;TMSTC*;2;333,55598842654103;0,22406639004149378
10;40;MSTC*;4;227,32770560561997;0,5767634854771784
10;40;TMSTC*;4;240,06998553317615;0,5103734439834025
10;40;MSTC*;2;370,5839826398115;0,3360995850622407
10;40;TMSTC*;2;379,8696969255258;0,33195020746887965
10;40;MSTC*;4;238,69740253114566;0,6307053941908713
10;40;TMSTC*;4;243,1826839053842;0,6846473029045643
10;40;MSTC*;2;334,098701265573;0,1991701244813278
10;40;TMSTC*;2;335,82698408649384;0,2074688796680498
10;40;MSTC*;4;203,69884556939806;0,3775933609958506
10;40;TMSTC*;4;207,31298697985858;0,3900414937759336
10;40;MSTC*;2;368,9271283903193;0,33195020746887965
10;40;TMSTC*;2;373,78354972833586;0,34854771784232363
10;40;MSTC*;4;206,5559884265409;0,45228215767634855
10;40;TMSTC*;4;214,06998553317615;0,4979253112033195
10;40;MSTC*;2;350,21356419515956;0,27800829875518673
10;40;TMSTC*;2;350,21356419515956;0,27800829875518673
10;40;MSTC*;4;207,99927848087378;0,4854771784232365
10;40;TMSTC*;4;210,82770560562;0,5020746887966805
10;40;MSTC*;2;332,6126983722081;0,21161825726141079
10;40;TMSTC*;2;337,4411254969545;0,22406639004149378
10;40;MSTC*;4;222,0979797464466;0,5269709543568465
10;40;TMSTC*;4;212,4264068711928;0,4315352697095436
10;40;MSTC*;2;348,6274169979696;0,2572614107883817
10;40;TMSTC*;2;348,6274169979696;0,2572614107883817
10;40;MSTC*;4;203,1708513561276;0,43568464730290457
10;40;TMSTC*;4;203,1708513561276;0,43568464730290457
10;40;MSTC*;2;298,92784990944523;0,08713692946058091
10;40;TMSTC*;2;302,2849927665881;0,07883817427385892
10;40;MSTC*;4;247,95584412271566;0,7842323651452282
10;40;TMSTC*;4;246,02727269414427;0,5601659751037344
10;40;MSTC*;2;327,0272726941443;0,1950207468879668
10;40;TMSTC*;2;323,0272726941443;0,17012448132780084
10;40;MSTC*;4;215,15541121124;0,5103734439834025
10;40;TMSTC*;4;218,31154394160615;0,5186721991701245
10;40;MSTC*;2;345,49855696174774;0,21991701244813278
10;40;TMSTC*;2;339,1988455693982;0,2033195020746888
10;40;MSTC*;4;234,98455985511234;0,6265560165975104
10;40;TMSTC*;4;228,52727269414424;0,6016597510373444
10;40;MSTC*;2;350,01183254925684;0,24481327800829875
10;40;TMSTC*;2;346,5405482816535;0,23651452282157676
10;40;MSTC*;4;223,4705627484771;0,5145228215767634
10;40;TMSTC*;4;221,77027414082661;0,4730290456431535
10;40;MSTC*;2;355,98455985511237;0,2863070539419087
10;40;TMSTC*;2;346,6988455693981;0,25311203319502074
10;40;MSTC*;4;205,15613273036615;0,4605809128630705
10;40;TMSTC*;4;210,81298697985855;0,4605809128630705
10;40;MSTC*;2;379,9838383359862;0,35269709543568467
10;40;TMSTC*;2;387,56926401405;0,36929460580912865
10;40;MSTC*;4;261,52582965589187;0,7883817427385892
10;40;TMSTC*;4;260,25483399593895;0,7966804979253111
10;40;MSTC*;2;352,6841269436368;0,24066390041493776
10;40;TMSTC*;2;358,5132755875092;0,3070539419087137
10;40;MSTC*;4;194,57070705230234;0,37344398340248963
10;40;TMSTC*;4;197,28499276658806;0,3817427385892116
10;40;MSTC*;2;338,4418470160806;0,21161825726141079
10;40;TMSTC*;2;338,4418470160806;0,21161825726141079
10;40;MSTC*;4;235,72683978266852;0,6348547717842323
10;40;TMSTC*;4;234,52727269414427;0,6307053941908713
10;40;MSTC*;2;338,5132755875091;0,2074688796680498
10;40;TMSTC*;2;347,1561327303662;0,24066390041493776
10;40;MSTC*;4;257,0839826398114;0,8008298755186722
10;40;TMSTC*;4;247,5419913199057;0,6970954356846473
10;40;MSTC*;2;347,7989898732234;0,24066390041493776
10;40;TMSTC*;2;327,0419913199057;0,1908713692946058
10;40;MSTC*;4;227,68412694363667;0,5726141078838174
10;40;TMSTC*;4;222,02727269414427;0,5352697095435685
10;40;MSTC*;2;334,21284267603346;0,2033195020746888
10;40;TMSTC*;2;320,91313128368387;0,17427385892116182
10;40;MSTC*;4;221,61269837220803;0,48132780082987553
10;40;TMSTC*;4;214,2555555150652;0,46887966804979253
10;40;MSTC*;2;370,09797974644687;0,31950207468879666
10;40;TMSTC*;2;376,5839826398117;0,3651452282157676
10;40;MSTC*;4;210,36969692552566;0,45643153526970953
10;40;TMSTC*;4;205,013275587509;0,45228215767634855
10;40;MSTC*;2;348,85569981889046;0,26141078838174275
10;40;TMSTC*;2;347,0132755875091;0,24896265560165975
10;40;MSTC*;4;255,29754683497092;0,6514522821576764
10;40;TMSTC*;4;257,74155840842997;0,8008298755186722
10;40;MSTC*;2;320,44184701608054;0,15352697095435686
10;40;TMSTC*;2;323,1561327303662;0,16182572614107885
10;40;MSTC*;4;235,39841265792234;0,6348547717842323
10;40;TMSTC*;4;230,94184701608043;0,6224066390041494
10;40;MSTC*;2;306,92784990944523;0,11203319502074689
10;40;TMSTC*;2;306,92784990944523;0,11203319502074689
10;40;MSTC*;4;218,52727269414427;0,45643153526970953
10;40;TMSTC*;4;218,52727269414427;0,45643153526970953
10;40;MSTC*;2;313,4992784808738;0,13692946058091288
10;40;TMSTC*;2;325,64213562373095;0,17427385892116182
10;40;MSTC*;4;222,1414141046047;0,5269709543568465
10;40;TMSTC*;4;227,84170271225526;0,48132780082987553
10;40;MSTC*;2;346,555988426541;0,26141078838174275
10;40;TMSTC*;2;322,58470415893765;0,1825726141078838
10;40;MSTC*;4;183,61341989133427;0,2863070539419087
10;40;TMSTC*;4;186,48528137423855;0,33195020746887965
10;40;MSTC*;2;333,6848484627629;0,2074688796680498
10;40;TMSTC*;2;332,3991341770486;0,2074688796680498
10;40;MSTC*;4;235,5847041589376;0,5020746887966805
10;40;TMSTC*;4;234,29898987322332;0,5020746887966805
10;40;MSTC*;2;324,9985569617476;0,15352697095435686
10;40;TMSTC*;2;312,5132755875091;0,12448132780082988
10;40;MSTC*;4;231,85642133801667;0,5975103734439834
10;40;TMSTC*;4;208,74155840842994;0,45228215767634855
10;40;MSTC*;2;327,7989898732234;0,17427385892116182
10;40;TMSTC*;2;323,6848484627629;0,17842323651452283
10;40;MSTC*;4;217,8844155512871;0,5103734439834025
10;40;TMSTC*;4;198,94184701608046;0,3817427385892116
10;40;MSTC*;2;333,37041844465193;0,23236514522821577
10;40;TMSTC*;2;338,8417027122553;0,24066390041493776
10;40;MSTC*;4;214,927128390319;0,4979253112033195
10;40;TMSTC*;4;216,09870126557283;0,4896265560165975
10;40;MSTC*;2;359,6126983722081;0,2821576763485477
10;40;TMSTC*;2;357,68412694363667;0,2821576763485477
10;40;MSTC*;4;279,11197685308184;0,8423236514522822
10;40;TMSTC*;4;277,5839826398114;0,9543568464730291
10;40;MSTC*;2;330,02727269414436;0,17012448132780084
10;40;TMSTC*;2;340,3269840864939;0,1908713692946058
10;40;MSTC*;4;201,19812405027184;0,3651452282157676
10;40;TMSTC*;4;207,49783544262138;0,4107883817427386
10;40;MSTC*;2;323,15613273036627;0,16182572614107885
10;40;TMSTC*;2;331,3417027122553;0,1950207468879668
10;40;MSTC*;4;217,24155840842997;0,5228215767634855
10;40;TMSTC*;4;228,6274169979695;0,46887966804979253
10;40;MSTC*;2;336,7415584084301;0,2033195020746888
10;40;TMSTC*;2;337,2702741408268;0,21161825726141079
10;40;MSTC*;4;213,56926401404993;0,4605809128630705
10;40;TMSTC*;4;211,88441555128708;0,46473029045643155
10;40;MSTC*;2;342,8556998188906;0,2157676348547718
10;40;TMSTC*;2;335,3844155512873;0,1950207468879668
10;40;MSTC*;4;207,5847041589376;0,45228215767634855
10;40;TMSTC*;4;191,35642133801664;0,33195020746887965
10;40;MSTC*;2;349,68412694363667;0,22406639004149378
10;40;TMSTC*;2;348,3984126579224;0,22406639004149378
10;40;MSTC*;4;263,42568535206664;0,6348547717842323
10;40;TMSTC*;4;238,76810958344805;0,6099585062240664
10;40;MSTC*;2;364,5839826398115;0,2987551867219917
10;40;TMSTC*;2;383,06926401405;0,3817427385892116
10;40;MSTC*;4;267,7135641951595;0,8713692946058091
10;40;TMSTC*;4;264,9971139234952;0,8423236514522822
10;40;MSTC*;2;333,9411254969543;0,1908713692946058
10;40;TMSTC*;2;333,5552669074148;0,18672199170124482
10;40;MSTC*;4;218,6826839053842;0,5269709543568465
10;40;TMSTC*;4;227,32554104824135;0,5809128630705395
10;40;MSTC*;2;354,2562770341915;0,2987551867219917
10;40;TMSTC*;2;338,8137084989848;0,2572614107883817
10;40;MSTC*;4;223,31298697985855;0,5643153526970954
10;40;TMSTC*;4;207,99927848087378;0,49377593360995853
10;40;MSTC*;2;345,7702741408268;0,22821576763485477
10;40;TMSTC*;2;354,512554068383;0,2697095435684647
10;40;MSTC*;4;206,52799421327046;0,4315352697095436
10;40;TMSTC*;4;215,58470415893757;0,4979253112033195
10;40;MSTC*;2;350,28499276658823;0,2946058091286307
10;40;TMSTC*;2;350,39913417704867;0,2987551867219917
10;40;MSTC*;4;227,61341989133425;0,6182572614107884
10;40;TMSTC*;4;228,2562770341914;0,6431535269709544
10;40;MSTC*;2;326,0279942132705;0,1825726141078838
10;40;TMSTC*;2;331,6848484627629;0,1991701244813278
10;40;MSTC*;4;197,28499276658806;0,3070539419087137
10;40;TMSTC*;4;190,82770560562;0,33195020746887965
10;40;MSTC*;2;351,61341989133444;0,27800829875518673
10;40;TMSTC*;2;354,4418470160806;0,2821576763485477
10;40;MSTC*;4;226,3549782997642;0,6099585062240664
10;40;TMSTC*;4;242,3984126579223;0,6016597510373444
10;40;MSTC*;2;317,3417027122553;0,14107883817427386
10;40;TMSTC*;2;316,05598842654103;0,14107883817427386
10;40;MSTC*;4;198,6701298370014;0,36099585062240663
10;40;TMSTC*;4;200,85569981889046;0,3900414937759336
10;40;MSTC*;2;325,82770560562;0,1908713692946058
10;40;TMSTC*;2;321,7849927665881;0,1950207468879668
10;40;MSTC*;4;220,14213562373092;0,45643153526970953
10;40;TMSTC*;4;215,38513707041332;0,46473029045643155
10;40;MSTC*;2;343,5272726941443;0,24481327800829875
10;40;TMSTC*;2;355,7842712474619;0,29045643153526973
10;40;MSTC*;4;239,29754683497092;0,6597510373443983
10;40;TMSTC*;4;260,92640687119285;0,5684647302904564
10;40;MSTC*;2;317,11341989133433;0,15767634854771784
10;40;TMSTC*;2;311,5279942132705;0,13692946058091288
10;40;MSTC*;4;212,0987012655728;0,5020746887966805
10;40;TMSTC*;4;210,5559884265409;0,49377593360995853
10;40;MSTC*;2;378,5839826398117;0,36099585062240663
10;40;TMSTC*;2;364,76955262170065;0,3070539419087137
10;40;MSTC*;4;267,61197685308184;0,8008298755186722
10;40;TMSTC*;4;270,768109583448;0,8796680497925311
10;40;MSTC*;2;348,88441555128725;0,27800829875518673
10;40;TMSTC*;2;334,0132755875091;0,23651452282157676
10;40;MSTC*;4;245,2113996377809;0,6970954356846473
10;40;TMSTC*;4;253,11269837220806;0,7178423236514523
10;40;MSTC*;2;339,15613273036627;0,21991701244813278
10;40;TMSTC*;2;343,56998553317624;0,24066390041493776
10;40;MSTC*;4;247,75483399593898;0,7095435684647303
10;40;TMSTC*;4;249,28427124746185;0,6721991701244814
10;40;MSTC*;2;360,5412698007797;0,3070539419087137
10;40;TMSTC*;2;361,1841269436368;0,3070539419087137
10;40;MSTC*;4;250,82770560562;0,5892116182572614
10;40;TMSTC*;4;254,52727269414424;0,7012448132780082
10;40;MSTC*;2;329,64213562373095;0,2074688796680498
10;40;TMSTC*;2;330,5419913199057;0,21161825726141079
10;40;MSTC*;4;208,55670994566714;0,48132780082987553
10;40;TMSTC*;4;212,9278499094452;0,4979253112033195
10;40;MSTC*;2;336,4845598551125;0,1950207468879668
10;40;TMSTC*;2;335,9845598551125;0,21161825726141079
10;40;MSTC*;4;204,29898987322332;0,44813278008298757
10;40;TMSTC*;4;202,2562770341914;0,44398340248962653
10;40;MSTC*;2;389,9124097645578;0,3983402489626556
10;40;TMSTC*;2;386,85569981889046;0,3775933609958506
10;40;MSTC*;4;281,7975468349709;0,9626556016597511
10;40;TMSTC*;4;281,1546896921137;0,8589211618257261
10;40;MSTC*;2;316,32770560562;0,14937759336099585
10;40;TMSTC*;2;323,0419913199057;0,15352697095435686
10;40;MSTC*;4;207,88441555128708;0,4024896265560166
10;40;TMSTC*;4;203,69884556939806;0,3900414937759336
10;40;MSTC*;2;366,8836940321612;0,3070539419087137
10;40;TMSTC*;2;356,883694032161;0,27800829875518673
10;40;MSTC*;4;227,64069258547855;0,5892116182572614
10;40;TMSTC*;4;236,14069258547858;0,6348547717842323
10;40;MSTC*;2;337,22756130179494;0,22821576763485477
10;40;TMSTC*;2;342,2415584084301;0,24896265560165975
10;40;MSTC*;4;229,38441555128708;0,5850622406639004
10;40;TMSTC*;4;234,34242423138141;0,6639004149377593
10;40;MSTC*;2;288,8137084989848;0,04979253112033195
10;40;TMSTC*;2;289,45656564184196;0,04979253112033195
10;40;MSTC*;4;214,7562770341914;0,5103734439834025
10;40;TMSTC*;4;228,71284267603326;0,5850622406639004
10;50;MSTC*;2;285,97056274847716;0,20398009950248755
10;50;TMSTC*;2;285,97056274847716;0,20398009950248755
10;50;MSTC*;4;163,61341989133425;0,35323383084577115
10;50;TMSTC*;4;163,61341989133425;0,35323383084577115
10;40;MSTC*;2;306,7849927665881;0,0912863070539419
10;40;TMSTC*;2;308,8417027122553;0,12033195020746888
10;40;MSTC*;4;194,7842712474619;0,34854771784232363
10;40;TMSTC*;4;206,55598842654092;0,3983402489626556
10;40;MSTC*;2;360,84170271225537;0,3278008298755187
10;40;TMSTC*;2;360,84170271225537;0,3278008298755187
10;40;MSTC*;4;236,16940831787522;0,6307053941908713
10;40;TMSTC*;4;236,16940831787522;0,6307053941908713
10;50;MSTC*;2;320,7275613017948;0,4079601990049751
10;50;TMSTC*;2;320,7275613017948;0,4079601990049751
10;50;MSTC*;4;201,04199131990572;0,681592039800995
10;50;TMSTC*;4;201,04199131990572;0,681592039800995
10;50;MSTC*;2;286,54199131990566;0,24875621890547264
10;50;TMSTC*;2;288,61341989133433;0,2537313432835821
10;50;MSTC*;4;194,1701298370014;0,6567164179104478
10;50;TMSTC*;4;197,05670994566714;0,6666666666666666
10;50;MSTC*;2;284,8417027122552;0,22388059701492538
10;50;TMSTC*;2;283,5559884265409;0,22388059701492538
10;50;MSTC*;4;189,7555555150652;0,5771144278606966
10;50;TMSTC*;4;188,46984122935092;0,5771144278606966
10;50;MSTC*;2;317,41313128368387;0,373134328358209
10;50;TMSTC*;2;317,41313128368387;0,373134328358209
10;50;MSTC*;4;185,65613273036618;0,5422885572139303
10;50;TMSTC*;4;185,65613273036618;0,527363184079602
10;40;MSTC*;2;354,85569981889046;0,24066390041493776
10;40;TMSTC*;2;345,5699855331762;0,24066390041493776
10;40;MSTC*;4;241,68340542451043;0,6804979253112033
10;40;TMSTC*;4;227,1701298370014;0,5850622406639004
10;50;MSTC*;2;287,4845598551123;0,23383084577114427
10;50;TMSTC*;2;286,19884556939803;0,23383084577114427
10;50;MSTC*;4;188,9705627484771;0,5870646766169154
10;50;TMSTC*;4;188,9705627484771;0,5870646766169154
10;40;MSTC*;2;362,1981240502721;0,3029045643153527
10;40;TMSTC*;2;350,61269837220823;0,27800829875518673
10;40;MSTC*;4;243,77027414082664;0,7053941908713693
10;40;TMSTC*;4;238,1414141046047;0,6639004149377593
10;40;MSTC*;2;364,32770560562;0,3360995850622407
10;40;TMSTC*;2;361,75627703419144;0,3360995850622407
10;40;MSTC*;4;245,4985569617476;0,7717842323651453
10;40;TMSTC*;4;252,11341989133425;0,8091286307053942
10;50;MSTC*;2;308,87041844465193;0,36318407960199006
10;50;TMSTC*;2;310,84170271225526;0,3681592039800995
10;50;MSTC*;4;207,02655117501803;0,6915422885572139
10;50;TMSTC*;4;207,02655117501803;0,6716417910447762
10;50;MSTC*;2;263,2135641951595;0,15422885572139303
10;50;TMSTC*;2;263,2135641951595;0,15422885572139303
10;50;MSTC*;4;180,9278499094452;0,5223880597014925
10;50;TMSTC*;4;196,6274169979695;0,6218905472636815
10;50;MSTC*;2;288,94112549695427;0,25870646766169153
10;50;TMSTC*;2;288,94112549695427;0,25870646766169153
10;50;MSTC*;4;182,9705627484771;0,43283582089552236
10;50;TMSTC*;4;182,9705627484771;0,43283582089552236
10;50;MSTC*;2;328,79826835409716;0,42786069651741293
10;50;TMSTC*;2;327,5125540683829;0,42786069651741293
10;50;MSTC*;4;220,1694083178752;0,7711442786069652
10;50;TMSTC*;4;220,1694083178752;0,7711442786069652
10;50;MSTC*;2;268,4992784808738;0,17412935323383086
10;50;TMSTC*;2;268,4992784808738;0,17412935323383086
10;50;MSTC*;4;191,8269840864938;0,5323383084577115
10;50;TMSTC*;4;213,1126983722081;0,6417910447761194
10;50;MSTC*;2;295,11341989133433;0,26865671641791045
10;50;TMSTC*;2;293,82770560562;0,26865671641791045
10;50;MSTC*;4;214,9978354426214;0,7661691542288557
10;50;TMSTC*;4;214,9978354426214;0,7661691542288557
10;50;MSTC*;2;330,99855696174774;0,4228855721393035
10;50;TMSTC*;2;330,8844155512872;0,42786069651741293
10;50;MSTC*;4;214,4691197102247;0,6517412935323383
10;50;TMSTC*;4;215,75483399593898;0,6318407960199005
10;50;MSTC*;2;282,427128390319;0,1890547263681592
10;50;TMSTC*;2;274,4558441227157;0,1791044776119403
10;50;MSTC*;4;160,32770560561997;0,32338308457711445
10;50;TMSTC*;4;168,44184701608043;0,39303482587064675
10;50;MSTC*;2;309,02655117501814;0,30845771144278605
10;50;TMSTC*;2;304,383694032161;0,2885572139303483
10;50;MSTC*;4;208,5552669074147;0,681592039800995
10;50;TMSTC*;4;210,25555551506517;0,6865671641791045
10;50;MSTC*;2;322,9838383359862;0,38308457711442784
10;50;TMSTC*;2;310,8696969255258;0,3482587064676617
10;50;MSTC*;4;227,75483399593898;0,9303482587064676
10;50;TMSTC*;4;251,86897540639944;0,835820895522388
10;50;MSTC*;2;303,555988426541;0,3383084577114428
10;50;TMSTC*;2;287,2989898732233;0,24875621890547264
10;50;MSTC*;4;247,38369403216092;1,0696517412935322
10;50;TMSTC*;4;242,1266954788433;1,064676616915423
10;50;MSTC*;2;276,4705627484771;0,19402985074626866
10;50;TMSTC*;2;287,2989898732233;0,23880597014925373
10;50;MSTC*;4;222,0979797464466;0,8109452736318408
10;50;TMSTC*;4;216,39769113879612;0,6865671641791045
10;50;MSTC*;2;301,14141410460473;0,2935323383084577
10;50;TMSTC*;2;301,14141410460473;0,2935323383084577
10;50;MSTC*;4;218,6266954788433;0,746268656716418
10;50;TMSTC*;4;218,6266954788433;0,746268656716418
10;50;MSTC*;2;288,08470415893765;0,24875621890547264
10;50;TMSTC*;2;302,42712839031907;0,2885572139303483
10;50;MSTC*;4;201,11269837220806;0,4925373134328358
10;50;TMSTC*;4;199,94112549695424;0,6069651741293532
10;50;MSTC*;2;305,37041844465193;0,30845771144278605
10;50;TMSTC*;2;305,37041844465193;0,30845771144278605
10;50;MSTC*;4;234,76955262170043;0,9353233830845771
10;50;TMSTC*;4;234,76955262170043;0,9353233830845771
10;50;MSTC*;2;268,6134198913343;0,1691542288557214
10;50;TMSTC*;2;283,5559884265409;0,22388059701492538
10;50;MSTC*;4;186,89913417704852;0,5671641791044776
10;50;TMSTC*;4;190,44184701608046;0,5572139303482587
10;50;MSTC*;2;289,25627703419144;0,24875621890547264
10;50;TMSTC*;2;289,25627703419144;0,24875621890547264
10;50;MSTC*;4;176,44184701608046;0,48756218905472637
10;50;TMSTC*;4;176,44184701608046;0,48756218905472637
10;50;MSTC*;2;258,4992784808738;0,11442786069651742
10;50;TMSTC*;2;258,4992784808738;0,11442786069651742
10;50;MSTC*;4;206,9551226035895;0,4975124378109453
10;50;TMSTC*;4;206,9551226035895;0,5074626865671642
10;50;MSTC*;2;264,8851370704133;0,14925373134328357
10;50;TMSTC*;2;263,599422784699;0,14925373134328357
10;50;MSTC*;4;169,08470415893757;0,39303482587064675
10;50;TMSTC*;4;161,98455985511237;0,35323383084577115
10;50;MSTC*;2;313,2275613017948;0,35323383084577115
10;50;TMSTC*;2;311,94184701608054;0,35323383084577115
10;50;MSTC*;4;181,5419913199057;0,472636815920398
10;50;TMSTC*;4;174,65541121123997;0,44776119402985076
10;50;MSTC*;2;269,7849927665881;0,1691542288557214
10;50;TMSTC*;2;273,25627703419144;0,19900497512437812
10;50;MSTC*;4;157,5419913199057;0,3034825870646766
10;50;TMSTC*;4;155,82770560562;0,31343283582089554
10;50;MSTC*;2;287,6274169979695;0,2537313432835821
10;50;TMSTC*;2;282,6134198913343;0,22885572139303484
10;50;MSTC*;4;186,927128390319;0,5572139303482587
10;50;TMSTC*;4;208,58398263981138;0,6567164179104478
10;50;MSTC*;2;288,6848484627629;0,23880597014925373
10;50;TMSTC*;2;284,6134198913343;0,24875621890547264
10;50;MSTC*;4;190,51327558750904;0,5920398009950248
10;50;TMSTC*;4;199,88513707041332;0,6318407960199005
10;50;MSTC*;2;315,6266954788434;0,35323383084577115
10;50;TMSTC*;2;320,9124097645577;0,3781094527363184
10;50;MSTC*;4;230,19740253114563;0,9203980099502488
10;50;TMSTC*;4;220,69812405027184;0,8308457711442786
10;50;MSTC*;2;279,0272726941443;0,1691542288557214
10;50;TMSTC*;2;268,79898987322326;0,16417910447761194
10;50;MSTC*;4;183,7989898732233;0,5124378109452736
10;50;TMSTC*;4;176,58398263981138;0,39303482587064675
10;50;MSTC*;2;266,91313128368375;0,14427860696517414
10;50;TMSTC*;2;257,39913417704855;0,12437810945273632
10;50;MSTC*;4;193,56998553317612;0,5920398009950248
10;50;TMSTC*;4;196,79754683497092;0,5920398009950248
10;50;MSTC*;2;292,1274169979695;0,2537313432835821
10;50;TMSTC*;2;282,1561327303662;0,22885572139303484
10;50;MSTC*;4;186,81226546073236;0,5323383084577115
10;50;TMSTC*;4;184,81298697985852;0,5323383084577115
10;50;MSTC*;2;283,18484846276283;0,18407960199004975
10;50;TMSTC*;2;281,89913417704855;0,18407960199004975
10;50;MSTC*;4;189,01327558750904;0,5572139303482587
10;50;TMSTC*;4;187,72756130179474;0,5572139303482587
10;50;MSTC*;2;282,22756130179476;0,22885572139303484
10;50;TMSTC*;2;282,22756130179476;0,22885572139303484
10;50;MSTC*;4;160,14213562373092;0,3582089552238806
10;50;TMSTC*;4;160,14213562373092;0,3582089552238806
10;50;MSTC*;2;279,4845598551123;0,19900497512437812
10;50;TMSTC*;2;279,6701298370014;0,1691542288557214
10;50;MSTC*;4;223,15541121124;0,7761194029850746
10;50;TMSTC*;4;218,95440108446329;0,7512437810945274
10;50;MSTC*;2;308,15541121124005;0,29850746268656714
10;50;TMSTC*;2;301,85569981889046;0,29850746268656714
10;50;MSTC*;4;219,5972582273204;0,7860696517412935
10;50;TMSTC*;4;216,1259739597171;0,7711442786069652
10;50;MSTC*;2;280,0847041589376;0,22388059701492538
10;50;TMSTC*;2;280,0847041589376;0,21890547263681592
10;50;MSTC*;4;203,31298697985855;0,6169154228855721
10;50;TMSTC*;4;203,31298697985855;0,572139303482587
10;50;MSTC*;2;268,7282828209209;0,19900497512437812
10;50;TMSTC*;2;268,7282828209209;0,19900497512437812
10;50;MSTC*;4;189,68484846276283;0,6716417910447762
10;50;TMSTC*;4;189,68484846276283;0,6716417910447762
10;50;MSTC*;2;250,08542567806379;0,1044776119402985
10;50;TMSTC*;2;250,08542567806379;0,1044776119402985
10;50;MSTC*;4;199,4558441227157;0,5970149253731343
10;50;TMSTC*;4;199,4558441227157;0,5970149253731343
10;50;MSTC*;2;302,7989898732234;0,30845771144278605
10;50;TMSTC*;2;302,7989898732234;0,30845771144278605
10;50;MSTC*;4;207,31298697985852;0,5671641791044776
10;50;TMSTC*;4;207,31298697985852;0,5671641791044776
10;50;MSTC*;2;267,3704184446519;0,13930348258706468
10;50;TMSTC*;2;254,15613273036618;0,08955223880597014
10;50;MSTC*;4;184,9551226035895;0,5124378109452736
10;50;TMSTC*;4;193,27027414082664;0,4228855721393035
10;50;MSTC*;2;289,59870126557286;0,22885572139303484
10;50;TMSTC*;2;269,7135641951595;0,16417910447761194
10;50;MSTC*;4;209,8262625673676;0,7611940298507462
10;50;TMSTC*;4;200,5839826398114;0,6766169154228856
10;50;MSTC*;2;280,88513707041335;0,22388059701492538
10;50;TMSTC*;2;254,19956708852428;0,10945273631840796
10;50;MSTC*;4;180,78499276658806;0,5223880597014925
10;50;TMSTC*;4;184,55670994566714;0,5422885572139303
10;50;MSTC*;2;300,9845598551123;0,31343283582089554
10;50;TMSTC*;2;300,9845598551123;0,31343283582089554
10;50;MSTC*;4;220,37041844465188;0,7064676616915423
10;50;TMSTC*;4;220,37041844465188;0,7064676616915423
10;50;MSTC*;2;255,41385280280997;0,11442786069651742
10;50;TMSTC*;2;255,41385280280997;0,11442786069651742
10;50;MSTC*;4;168,92784990944523;0,43283582089552236
10;50;TMSTC*;4;167,7562770341914;0,4079601990049751
10;50;MSTC*;2;277,9705627484771;0,208955223880597
10;50;TMSTC*;2;276,68484846276283;0,208955223880597
10;50;MSTC*;4;218,09797974644664;0,7562189054726368
10;50;TMSTC*;4;208,05526690741473;0,7512437810945274
10;50;MSTC*;2;310,7555555150653;0,31840796019900497
10;50;TMSTC*;2;310,7555555150653;0,31840796019900497
10;50;MSTC*;4;197,64141410460473;0,5970149253731343
10;50;TMSTC*;4;197,64141410460473;0,5970149253731343
10;50;MSTC*;2;255,58470415893757;0,11442786069651742
10;50;TMSTC*;2;267,8129869798585;0,15920398009950248
10;50;MSTC*;4;176,24155840842994;0,373134328358209
10;50;TMSTC*;4;170,86897540639947;0,3781094527363184
10;50;MSTC*;2;298,7268397826686;0,263681592039801
10;50;TMSTC*;2;297,4411254969543;0,263681592039801
10;50;MSTC*;4;206,8549782997642;0,5074626865671642
10;50;TMSTC*;4;196,2835497283357;0,5024875621890548
10;50;MSTC*;2;317,96984122935095;0,3781094527363184
10;50;TMSTC*;2;314,58470415893765;0,36318407960199006
10;50;MSTC*;4;213,74083688930375;0,7611940298507462
10;50;TMSTC*;4;219,66940831787522;0,7412935323383084
10;50;MSTC*;2;308,15541121124005;0,3283582089552239
10;50;TMSTC*;2;280,3844155512871;0,20398009950248755
10;50;MSTC*;4;200,69812405027184;0,6666666666666666
10;50;TMSTC*;4;194,16940831787522;0,6019900497512438
10;50;MSTC*;2;264,91313128368375;0,12935323383084577
10;50;TMSTC*;2;264,91313128368375;0,12935323383084577
10;50;MSTC*;4;193,3844155512871;0,5671641791044776
10;50;TMSTC*;4;193,3844155512871;0,5671641791044776
10;50;MSTC*;2;257,2282828209209;0,11442786069651742
10;50;TMSTC*;2;254,65685424949237;0,11442786069651742
10;50;MSTC*;4;165,35642133801664;0,373134328358209
10;50;TMSTC*;4;176,18484846276283;0,43781094527363185
10;50;MSTC*;2;268,4992784808738;0,18407960199004975
10;50;TMSTC*;2;268,4992784808738;0,18407960199004975
10;50;MSTC*;4;225,54199131990572;0,8109452736318408
10;50;TMSTC*;4;225,54199131990572;0,8109452736318408
10;50;MSTC*;2;312,9558441227157;0,35323383084577115
10;50;TMSTC*;2;312,9558441227157;0,35323383084577115
10;50;MSTC*;4;214,99783544262138;0,7960199004975125
10;50;TMSTC*;4;214,99783544262138;0,7960199004975125
10;50;MSTC*;2;272,4992784808738;0,19402985074626866
10;50;TMSTC*;2;280,5419913199057;0,22885572139303484
10;50;MSTC*;4;170,81298697985855;0,42786069651741293
10;50;TMSTC*;4;171,98455985511237;0,4228855721393035
10;50;MSTC*;2;303,9131312836838;0,2885572139303483
10;50;TMSTC*;2;302,62741699796953;0,2885572139303483
10;50;MSTC*;4;193,98383833598618;0,582089552238806
10;50;TMSTC*;4;193,98383833598618;0,582089552238806
10;50;MSTC*;2;282,8417027122552;0,208955223880597
10;50;TMSTC*;2;281,5559884265409;0,208955223880597
10;50;MSTC*;4;185,75555551506517;0,527363184079602
10;50;TMSTC*;4;185,9131312836838;0,5422885572139303
10;50;MSTC*;2;296,055988426541;0,26865671641791045
10;50;TMSTC*;2;290,7702741408267;0,2537313432835821
10;50;MSTC*;4;212,69812405027184;0,5771144278606966
10;50;TMSTC*;4;195,95584412271566;0,6368159203980099
10;50;MSTC*;2;299,5272726941443;0,2885572139303483
10;50;TMSTC*;2;303,71284267603335;0,2935323383084577
10;50;MSTC*;4;175,19884556939806;0,4129353233830846
10;50;TMSTC*;4;178,48455985511234;0,43781094527363185
10;50;MSTC*;2;298,19884556939803;0,2885572139303483
10;50;TMSTC*;2;298,19884556939803;0,2885572139303483
10;50;MSTC*;4;207,84170271225523;0,7412935323383084
10;50;TMSTC*;4;212,58398263981135;0,7611940298507462
10;50;MSTC*;2;291,2842712474619;0,26865671641791045
10;50;TMSTC*;2;291,2842712474619;0,26865671641791045
10;50;MSTC*;4;216,05526690741473;0,8208955223880597
10;50;TMSTC*;4;216,05526690741473;0,8208955223880597
10;50;MSTC*;2;281,1414141046047;0,19402985074626866
10;50;TMSTC*;2;287,2128426760333;0,23383084577114427
10;50;MSTC*;4;191,45584412271566;0,5970149253731343
10;50;TMSTC*;4;192,74155840843;0,6069651741293532
10;50;MSTC*;2;281,32770560561994;0,23383084577114427
10;50;TMSTC*;2;289,4418470160805;0,25870646766169153
10;50;MSTC*;4;230,39841265792234;0,7213930348258707
10;50;TMSTC*;4;226,76955262170046;0,8905472636815921
10;50;MSTC*;2;331,82698408649395;0,4129353233830846
10;50;TMSTC*;2;316,4271283903191;0,3681592039800995
10;50;MSTC*;4;209,1274169979695;0,7761194029850746
10;50;TMSTC*;4;201,7555555150652;0,6069651741293532
10;50;MSTC*;2;286,86969692552566;0,22885572139303484
10;50;TMSTC*;2;285,88369403216086;0,208955223880597
10;50;MSTC*;4;208,54054828165326;0,7164179104477612
10;50;TMSTC*;4;220,2401153701776;0,6119402985074627
10;50;MSTC*;2;329,65468969211395;0,4129353233830846
10;50;TMSTC*;2;329,65468969211395;0,4129353233830846
10;50;MSTC*;4;228,12597395971707;0,8756218905472637
10;50;TMSTC*;4;228,12597395971707;0,8756218905472637
10;50;MSTC*;2;287,8564213380167;0,24875621890547264
10;50;TMSTC*;2;287,8564213380167;0,24875621890547264
10;50;MSTC*;4;207,08470415893757;0,6965174129353234
10;50;TMSTC*;4;207,08470415893757;0,6965174129353234
10;50;MSTC*;2;248,77099565995283;0,07960199004975124
10;50;TMSTC*;2;255,07070705230237;0,08955223880597014
10;50;MSTC*;4;184,28499276658806;0,4527363184079602
10;50;TMSTC*;4;184,28499276658806;0,42786069651741293
10;50;MSTC*;2;278,72756130179476;0,208955223880597
10;50;TMSTC*;2;278,72756130179476;0,208955223880597
10;50;MSTC*;4;171,31370849898474;0,4427860696517413
10;50;TMSTC*;4;177,61341989133427;0,48258706467661694
10;50;MSTC*;2;286,5419913199057;0,24875621890547264
10;50;TMSTC*;2;286,5419913199057;0,24875621890547264
10;50;MSTC*;4;177,15613273036615;0,4626865671641791
10;50;TMSTC*;4;177,15613273036615;0,4626865671641791
10;50;MSTC*;2;315,0272726941443;0,373134328358209
10;50;TMSTC*;2;303,02727269414424;0,31840796019900497
10;50;MSTC*;4;189,01327558750904;0,5771144278606966
10;50;TMSTC*;4;188,2562770341914;0,572139303482587
10;50;MSTC*;2;298,24155840843;0,27860696517412936
10;50;TMSTC*;2;285,0987012655729;0,24378109452736318
10;50;MSTC*;4;196,44112549695427;0,5671641791044776
10;50;TMSTC*;4;199,09725822732042;0,5223880597014925
10;50;MSTC*;2;290,88513707041335;0,27860696517412936
10;50;TMSTC*;2;297,1848484627629;0,29850746268656714
10;50;MSTC*;4;203,5419913199057;0,7064676616915423
10;50;TMSTC*;4;208,18484846276283;0,7562189054726368
10;50;MSTC*;2;311,3984126579224;0,36318407960199006
10;50;TMSTC*;2;311,3984126579224;0,36318407960199006
10;50;MSTC*;4;218,55598842654092;0,8656716417910447
10;50;TMSTC*;4;218,55598842654092;0,8656716417910447
10;50;MSTC*;2;293,82770560562;0,2736318407960199
10;50;TMSTC*;2;293,82770560562;0,2736318407960199
10;50;MSTC*;4;196,24155840842997;0,6218905472636815
10;50;TMSTC*;4;196,24155840842997;0,6218905472636815
10;50;MSTC*;2;328,1546896921138;0,39303482587064675
10;50;TMSTC*;2;328,1546896921138;0,39303482587064675
10;50;MSTC*;4;263,8380951166242;1,0248756218905473
10;50;TMSTC*;4;263,8380951166242;1,0298507462686568
10;50;MSTC*;2;263,2135641951595;0,15422885572139303
10;50;TMSTC*;2;267,8564213380166;0,1791044776119403
10;50;MSTC*;4;182,2842712474619;0,5323383084577115
10;50;TMSTC*;4;192,85569981889046;0,5771144278606966
10;50;MSTC*;2;272,19956708852425;0,19402985074626866
10;50;TMSTC*;2;272,19956708852425;0,19402985074626866
10;50;MSTC*;4;171,31370849898474;0,4577114427860697
10;50;TMSTC*;4;171,31370849898474;0,4577114427860697
10;50;MSTC*;2;277,927128390319;0,19402985074626866
10;50;TMSTC*;2;264,5419913199057;0,13930348258706468
10;50;MSTC*;4;185,013275587509;0,5223880597014925
10;50;TMSTC*;4;186,82770560561997;0,5024875621890548
10;50;MSTC*;2;332,74155840843;0,43283582089552236
10;50;TMSTC*;2;335,82698408649384;0,4527363184079602
10;50;MSTC*;4;266,2828282092094;1,1044776119402986
10;50;TMSTC*;4;247,28427124746187;1,0597014925373134
10;50;MSTC*;2;287,1701298370014;0,25870646766169153
10;50;TMSTC*;2;281,9705627484771;0,22885572139303484
10;50;MSTC*;4;199,0847041589376;0,7313432835820896
10;50;TMSTC*;4;207,69956708852428;0,736318407960199
10;50;MSTC*;2;289,5559884265409;0,2537313432835821
10;50;TMSTC*;2;292,91313128368375;0,2736318407960199
10;50;MSTC*;4;180,19812405027187;0,472636815920398
10;50;TMSTC*;4;185,94112549695427;0,43283582089552236
10;50;MSTC*;2;296,12813851709575;0,3034825870646766
10;50;TMSTC*;2;296,12813851709575;0,3034825870646766
10;50;MSTC*;4;182,92784990944523;0,4527363184079602
10;50;TMSTC*;4;182,92784990944523;0,4527363184079602
10;50;MSTC*;2;279,8556998188904;0,19402985074626866
10;50;TMSTC*;2;279,8556998188904;0,19402985074626866
10;50;MSTC*;4;195,5847041589376;0,6169154228855721
10;50;TMSTC*;4;194,29898987322332;0,6169154228855721
10;50;MSTC*;2;313,78354972833574;0,3333333333333333
10;50;TMSTC*;2;308,1266954788434;0,30845771144278605
10;50;MSTC*;4;232,02438661763944;0,8706467661691543
10;50;TMSTC*;4;232,2275613017947;0,9054726368159204
10;50;MSTC*;2;302,92784990944523;0,31840796019900497
10;50;TMSTC*;2;313,4411254969543;0,3582089552238806
10;50;MSTC*;4;179,72756130179474;0,5024875621890548
10;50;TMSTC*;4;173,4278499094452;0,44776119402985076
10;50;MSTC*;2;326,6126983722081;0,40298507462686567
10;50;TMSTC*;2;326,6126983722081;0,40298507462686567
10;50;MSTC*;4;185,19884556939806;0,5373134328358209
10;50;TMSTC*;4;185,19884556939806;0,5373134328358209
10;50;MSTC*;2;301,3269840864938;0,26865671641791045
10;50;TMSTC*;2;290,7555555150652;0,25870646766169153
10;50;MSTC*;4;220,65468969211375;0,8109452736318408
10;50;TMSTC*;4;218,0832611206852;0,6965174129353234
10;50;MSTC*;2;278,54199131990566;0,20398009950248755
10;50;TMSTC*;2;277,2562770341914;0,20398009950248755
10;50;MSTC*;4;220,92640687119282;0,7761194029850746
10;50;TMSTC*;4;220,92640687119282;0,7761194029850746
10;50;MSTC*;2;302,6561327303662;0,30845771144278605
10;50;TMSTC*;2;301,37041844465193;0,30845771144278605
10;50;MSTC*;4;190,76955262170046;0,6069651741293532
10;50;TMSTC*;4;190,76955262170046;0,6119402985074627
10;50;MSTC*;2;302,4985569617476;0,31343283582089554
10;50;TMSTC*;2;310,5699855331762;0,3482587064676617
10;50;MSTC*;4;227,14069258547852;0,8855721393034826
10;50;TMSTC*;4;211,38441555128708;0,8109452736318408
10;50;MSTC*;2;313,44112549695444;0,3333333333333333
10;50;TMSTC*;2;300,56998553317624;0,2835820895522388
10;50;MSTC*;4;171,56998553317612;0,3880597014925373
10;50;TMSTC*;4;178,85569981889043;0,42786069651741293
10;50;MSTC*;2;298,2849927665881;0,26865671641791045
10;50;TMSTC*;2;298,2849927665881;0,26865671641791045
10;50;MSTC*;4;194,6701298370014;0,6318407960199005
10;50;TMSTC*;4;194,6701298370014;0,6318407960199005
10;50;MSTC*;2;292,7268397826685;0,23383084577114427
10;50;TMSTC*;2;298,5412698007795;0,25870646766169153
10;50;MSTC*;4;192,2128426760333;0,5870646766169154
10;50;TMSTC*;4;193,31298697985852;0,6069651741293532
10;50;MSTC*;2;289,5132755875091;0,24875621890547264
10;50;TMSTC*;2;289,5132755875091;0,24875621890547264
10;50;MSTC*;4;265,4551226035895;0,7910447761194029
10;50;TMSTC*;4;265,4551226035895;0,7910447761194029
10;50;MSTC*;2;319,67012983700147;0,39303482587064675
10;50;TMSTC*;2;319,67012983700147;0,39303482587064675
10;50;MSTC*;4;222,28427124746187;0,736318407960199
10;50;TMSTC*;4;222,28427124746187;0,736318407960199
10;50;MSTC*;2;286,0847041589376;0,22885572139303484
10;50;TMSTC*;2;286,0847041589376;0,22885572139303484
10;50;MSTC*;4;206,92640687119282;0,7064676616915423
10;50;TMSTC*;4;206,92640687119282;0,7064676616915423
10;50;MSTC*;2;281,78499276658806;0,23383084577114427
10;50;TMSTC*;2;293,1848484627629;0,26865671641791045
10;50;MSTC*;4;195,4558441227157;0,6417910447761194
10;50;TMSTC*;4;219,56998553317615;0,6169154228855721
30;5;MSTC*;2;3622,313708498985;0,017831043554516222
30;5;TMSTC*;2;3653,0847041589377;0,028938906752411574
30;5;MSTC*;4;1936,7526694385613;0,06372405729318913
30;5;TMSTC*;4;1924,0279942132706;0,07044723764981
30;5;MSTC*;2;3622,7128426760337;0,017831043554516222
30;5;TMSTC*;2;3636,926406871193;0,03127740426775796
30;5;MSTC*;4;1900,2350647362953;0,05583162817889506
30;5;TMSTC*;4;1916,395526581418;0,07424729611224788
30;5;MSTC*;2;3637,3388166357513;0,020169541069862615
30;5;TMSTC*;2;3664,6385280281;0,03127740426775796
30;5;MSTC*;4;1956,735064736295;0,08740134463607133
30;5;TMSTC*;4;1922,822654971737;0,0695703010815551
30;5;MSTC*;2;3679,8240980099895;0,03215434083601286
30;5;TMSTC*;2;3663,1238094023383;0,02572347266881029
30;5;MSTC*;4;1907,9691197102252;0,05144694533762058
30;5;TMSTC*;4;1997,6503605773569;0,10464776381175095
30;5;MSTC*;2;3650,05238083091;0,0230926629640456
30;5;TMSTC*;2;3585,2555555150657;0,014615609470914937
30;5;MSTC*;4;1938,1274169979697;0,06372405729318913
30;5;TMSTC*;4;1912,1797978288805;0,05904706226249635
30;5;MSTC*;2;3689,480230740356;0,03244665302543116
30;5;TMSTC*;2;3627,2681095834487;0,024554223911137093
30;5;MSTC*;4;1959,59365063169;0,0695703010815551
30;5;TMSTC*;4;1941,2261182635423;0,08564747149956153
30;5;MSTC*;2;3674,738672331926;0,030985092078339667
30;5;TMSTC*;2;3688,7357862554218;0,03156971645717627
30;5;MSTC*;4;1944,5663779375461;0,0707395498392283
30;5;TMSTC*;4;1925,7268397826688;0,06723180356620871
30;5;MSTC*;2;3632,5243866176393;0,020169541069862615
30;5;TMSTC*;2;3678,781385170958;0,03536977491961415
30;5;MSTC*;4;1932,5229435793879;0,061385559777842734
30;5;TMSTC*;4;1974,4073591306746;0,06547793042969892
30;5;MSTC*;2;3648,281385170958;0,023677287342882197
30;5;TMSTC*;2;3660,796825315845;0,03244665302543116
30;5;MSTC*;4;1922,7415584084301;0,06109324758842444
30;5;TMSTC*;4;1937,739393851052;0,05963168664133294
30;5;MSTC*;2;3666,109090776578;0,033031277404267756
30;5;TMSTC*;2;3646,953679565337;0,033031277404267756
30;5;MSTC*;4;1955,2113996377814;0,08155510084770536
30;5;TMSTC*;4;1972,1937949355158;0,0923706518561824
30;5;MSTC*;2;3614,3129869798586;0,018415667933352822
30;5;TMSTC*;2;3653,813708498985;0,03390821397252265
30;5;MSTC*;4;1914,6370849898476;0,05787781350482315
30;5;TMSTC*;4;1969,7533909576869;0,0920783396667641
30;5;MSTC*;2;3627,781385170958;0,01900029231218942
30;5;TMSTC*;2;3622,5847041589377;0,02601578485822859
30;5;MSTC*;4;1891,097979746447;0,05057000876936568
30;5;TMSTC*;4;1959,6496390582317;0,07892429114294067
30;5;MSTC*;2;3661,2821066900833;0,026600409237065185
30;5;TMSTC*;2;3628,7261182635425;0,024554223911137093
30;5;MSTC*;4;1979,6194802875823;0,09061677871967261
30;5;TMSTC*;4;1946,5670994566717;0,08564747149956153
30;5;MSTC*;2;3609,455844122716;0,015492546039169833
30;5;TMSTC*;2;3643,109812295704;0,02601578485822859
30;5;MSTC*;4;1866,6686867987491;0,0470622624963461
30;5;TMSTC*;4;1955,180519348006;0,07833966676410406
30;5;MSTC*;2;3610,1701298370017;0,01666179479684303
30;5;TMSTC*;2;3621,497113923496;0,024846536100555393
30;5;MSTC*;4;1944,097258227321;0,0686933645133002
30;5;TMSTC*;4;1945,3101009033542;0,092955276235019
30;5;MSTC*;2;3612,599422784699;0,016954106986261326
30;5;TMSTC*;2;3691,9507934888325;0,03186202864659456
30;5;MSTC*;4;1889,8955265814184;0,05115463314820228
30;5;TMSTC*;4;1975,0347761286441;0,08067816427945046
30;5;MSTC*;2;3627,3675323681473;0,01900029231218942
30;5;TMSTC*;2;3654,5818180824335;0,03127740426775796
30;5;MSTC*;4;1956,0774889676763;0,06460099386144402
30;5;TMSTC*;4;1932,2813851709573;0,07161648640748319
30;5;MSTC*;2;3674,7519479194343;0,02981584332066647
30;5;TMSTC*;2;3619,3122654607328;0,02601578485822859
30;5;MSTC*;4;1958,4655121145938;0,07044723764981
30;5;TMSTC*;4;1945,7210676296597;0,08506284712072494
30;5;MSTC*;2;3648,781385170957;0,02572347266881029
30;5;TMSTC*;2;3645,781385170958;0,028646594562993278
30;5;MSTC*;4;1923,8653678107692;0,06577024261911722
30;5;TMSTC*;4;1871,0699855331764;0,0470622624963461
30;5;MSTC*;2;3633,881529474782;0,0228003507746273
30;5;TMSTC*;2;3556,642135623731;0,010523238819058756
30;5;MSTC*;4;1898,0222220602616;0,056708564747149956
30;5;TMSTC*;4;1881,184848462763;0,057293189125986556
30;5;MSTC*;2;3645,3388166357504;0,026308097047646885
30;5;TMSTC*;2;3618,770274140827;0,024846536100555393
30;5;MSTC*;4;1963,519335983757;0,0686933645133002
30;5;TMSTC*;4;1907,2968253158451;0,06313943291435253
30;5;MSTC*;2;3700,1385280281006;0,036831335866705645
30;5;TMSTC*;2;3583,1126983722083;0,012569424144986846
30;5;MSTC*;4;1929,7422799275562;0,06284712072493423
30;5;TMSTC*;4;1916,8653678107696;0,06313943291435253
30;5;MSTC*;2;3611,7121211569074;0,019877228880444315
30;5;TMSTC*;2;3581,8556998188906;0,014323297281496639
30;5;MSTC*;4;1939,924963832941;0,07775504238526747
30;5;TMSTC*;4;1929,4360748630718;0,07132417421806489
30;5;MSTC*;2;3640,8101009033544;0,021631102016954108
30;5;TMSTC*;2;3605,8829725130354;0,01900029231218942
30;5;MSTC*;4;1972,450793488833;0,07044723764981
30;5;TMSTC*;4;1922,637806508974;0,07044723764981
30;5;MSTC*;2;3627,754112476813;0,021338789827535808
30;5;TMSTC*;2;3588,3424242313813;0,01636948260742473
30;5;MSTC*;4;1946,3115439416063;0,08243203741596025
30;5;TMSTC*;4;1924,1672437604968;0,06752411575562701
30;5;MSTC*;2;3657,338095116625;0,01900029231218942
30;5;TMSTC*;2;3650,5383837242744;0,025138848289973693
30;5;MSTC*;4;1921,597979746447;0,05466237942122187
30;5;TMSTC*;4;1910,3976911387965;0,0698626132709734
30;5;MSTC*;2;3628,981673778608;0,02046185325928091
30;5;TMSTC*;2;3580,3984126579226;0,01666179479684303
30;5;MSTC*;4;1970,6510820964834;0,05320081847413037
30;5;TMSTC*;4;1920,254112476813;0,07775504238526747
30;5;MSTC*;2;3617,9992784808737;0,017831043554516222
30;5;TMSTC*;2;3600,8417027122555;0,02046185325928091
30;5;MSTC*;4;1922,0509377926576;0,056708564747149956
30;5;TMSTC*;4;1895,9956708852435;0,06313943291435253
30;5;MSTC*;2;3634,1694083178754;0,02075416544869921
30;5;TMSTC*;2;3595,1539681729882;0,016954106986261326
30;5;MSTC*;4;1945,221789148785;0,07424729611224788
30;5;TMSTC*;4;1897,1090907765774;0,06430868167202572
30;5;MSTC*;2;3656,609812295704;0,02104647763811751
30;5;TMSTC*;2;3685,7246752252904;0,034200526161940956
30;5;MSTC*;4;1941,165079203119;0,06080093539900614
30;5;TMSTC*;4;1975,92135623731;0,0941245249926922
30;5;MSTC*;2;3650,838095116625;0,0233849751534639
30;5;TMSTC*;2;3653,5111110301305;0,03040046769950307
30;5;MSTC*;4;1922,5972582273207;0,06664717918737212
30;5;TMSTC*;4;1910,5053388771219;0,06313943291435253
30;5;MSTC*;2;3627,798268354097;0,020169541069862615
30;5;TMSTC*;2;3652,9816737786077;0,028938906752411574
30;5;MSTC*;4;1910,8675323681473;0,05115463314820228
30;5;TMSTC*;4;1872,711399637781;0,040631394329143526
30;5;MSTC*;2;3684,5383837242753;0,03390821397252265
30;5;TMSTC*;2;3613,781385170958;0,01929260450160772
30;5;MSTC*;4;1968,6083692574516;0,0678164279450453
30;5;TMSTC*;4;1901,3822509939089;0,06284712072493423
30;5;MSTC*;2;3636,4102452071797;0,022508038585209004
30;5;TMSTC*;2;3669,1363634707222;0,033615901783104356
30;5;MSTC*;4;1960,321211933485;0,06752411575562701
30;5;TMSTC*;4;1926,7849927665882;0,07600116924875767
30;5;MSTC*;2;3665,966955152847;0,03040046769950307
30;5;TMSTC*;2;3567,969841229351;0,00964630225080386
30;5;MSTC*;4;1946,9256853520671;0,07687810581701257
30;5;TMSTC*;4;1893,1959594928937;0,04501607717041801
30;5;MSTC*;2;3629,8844155512875;0,020169541069862615
30;5;TMSTC*;2;3628,553823869163;0,02572347266881029
30;5;MSTC*;4;1920,8101009033544;0,06723180356620871
30;5;TMSTC*;4;1956,7505048811825;0,08330897398421515
30;5;MSTC*;2;3611,4131312836835;0,017538731365097926
30;5;TMSTC*;2;3590,254833995939;0,015492546039169833
30;5;MSTC*;4;1956,7505048811818;0,07892429114294067
30;5;TMSTC*;4;1884,0118325492565;0,03800058462437884
30;5;MSTC*;2;3613,069985533176;0,017538731365097926
30;5;TMSTC*;2;3628,4116882454314;0,02543116047939199
30;5;MSTC*;4;1890,710678118655;0,05057000876936568
30;5;TMSTC*;4;1926,6518036156092;0,08009353990061385
30;5;MSTC*;2;3616,683405424511;0,017246419175679626
30;5;TMSTC*;2;3660,5796535250543;0,03156971645717627
30;5;MSTC*;4;1894,3233764908628;0,05144694533762058
30;5;TMSTC*;4;1926,240115370178;0,07775504238526747
30;5;MSTC*;2;3655,595815189068;0,026308097047646885
30;5;TMSTC*;2;3670,880807955657;0,03273896521484946
30;5;MSTC*;4;1894,7128426760335;0,052323881905875474
30;5;TMSTC*;4;1965,6650792031191;0,08535515931014323
30;5;MSTC*;2;3694,2652235069436;0,03215434083601286
30;5;TMSTC*;2;3648,6554112112403;0,03186202864659456
30;5;MSTC*;4;1904,8219334526111;0,05700087693656825
30;5;TMSTC*;4;1918,8542567806385;0,0686933645133002
30;5;MSTC*;2;3652,1952379737672;0,023969599532300497
30;5;TMSTC*;2;3592,468398191099;0,01666179479684303
30;5;MSTC*;4;1938,9795092212296;0,06752411575562701
30;5;TMSTC*;4;1916,639971066353;0,07044723764981
30;5;MSTC*;2;3672,881529474782;0,03127740426775796
30;5;TMSTC*;2;3606,52438661764;0,01900029231218942
30;5;MSTC*;4;1889,2799421327052;0,051739257527038875
30;5;TMSTC*;4;1896,0656564184196;0,052908506284712074
30;5;MSTC*;2;3612,684848462763;0,02075416544869921
30;5;TMSTC*;2;3643,3660893298957;0,024261911721718796
30;5;MSTC*;4;1931,2681095834487;0,07132417421806489
30;5;TMSTC*;4;1938,5398267625274;0,07337035954399299
30;5;MSTC*;2;3672,3233764908628;0,03244665302543116
30;5;TMSTC*;2;3645,066377937545;0,03127740426775796
30;5;MSTC*;4;1905,0678209757982;0,06167787196726104
30;5;TMSTC*;4;1970,4080806498005;0,09675533469745688
30;5;MSTC*;2;3636,295382277593;0,021923414206372407
30;5;TMSTC*;2;3637,11053381483;0,026600409237065185
30;5;MSTC*;4;1925,4271283903192;0,059339374451914645
30;5;TMSTC*;4;1948,3632032533903;0,08184741303712365
30;5;MSTC*;2;3664,1525251347357;0,023677287342882197
30;5;TMSTC*;2;3653,583982639812;0,03010815551008477
30;5;MSTC*;4;1946,2077920421505;0,06313943291435253
30;5;TMSTC*;4;1970,9184701608053;0,07132417421806489
30;5;MSTC*;2;3634,8093793842277;0,021338789827535808
30;5;TMSTC*;2;3652,5082249536267;0,028938906752411574
30;5;MSTC*;4;1959,2946607584663;0,06752411575562701
30;5;TMSTC*;4;1978,9920632896126;0,08213972522654195
30;5;MSTC*;2;3632,624530921465;0,01870798012277112
30;5;TMSTC*;2;3655,4522365270846;0,02776965799473838
30;5;MSTC*;4;1928,2932177202147;0,059923998830751245
30;5;TMSTC*;4;1934,9787877021035;0,07424729611224788
30;5;MSTC*;2;3660,69668101202;0,028354282373574978
30;5;TMSTC*;2;3603,7422799275564;0,018415667933352822
30;5;MSTC*;4;1882,1399710663527;0,05086232095878398
30;5;TMSTC*;4;1951,141414104605;0,07746273019584916
30;5;MSTC*;2;3641,9095236880535;0,01900029231218942
30;5;TMSTC*;2;3658,165079203119;0,029523531131248174
30;5;MSTC*;4;1885,6546896921143;0,054370067231803564
30;5;TMSTC*;4;1909,78282820921;0,06313943291435253
30;5;MSTC*;2;3657,552380830911;0,026892721426483485
30;5;TMSTC*;2;3622,495670885243;0,021631102016954108
30;5;MSTC*;4;1981,4683981910991;0,092955276235019
30;5;TMSTC*;4;1985,161471607488;0,09500146156094709
30;5;MSTC*;2;3634,382250993909;0,01900029231218942
30;5;TMSTC*;2;3621,883694032161;0,02543116047939199
30;5;MSTC*;4;1922,9852813742386;0,05758550131540485
30;5;TMSTC*;4;1905,2135641951597;0,0695703010815551
30;5;MSTC*;2;3683,852092223259;0,02747734580532008
30;5;TMSTC*;2;3680,636363470721;0,033031277404267756
30;5;MSTC*;4;1963,2225106679118;0,07863197895352236
30;5;TMSTC*;4;1911,4507934888325;0,06343174510377082
30;5;MSTC*;2;3663,5670994566713;0,02572347266881029
30;5;TMSTC*;2;3621,6981240502723;0,02601578485822859
30;5;MSTC*;4;1953,751947919434;0,07658579362759427
30;5;TMSTC*;4;1905,8829725130347;0,06752411575562701
30;5;MSTC*;2;3621,8248195291153;0,017831043554516222
30;5;TMSTC*;2;3661,9088021689267;0,02747734580532008
30;5;MSTC*;4;1963,0398267625276;0,07453960830166619
30;5;TMSTC*;4;1907,081818082433;0,06401636948260743
30;5;MSTC*;2;3602,997835442621;0,01666179479684303
30;5;TMSTC*;2;3679,922077756437;0,03332358959368606
30;5;MSTC*;4;1917,877200360026;0,06430868167202572
30;5;TMSTC*;4;1958,6467529817266;0,08213972522654195
30;5;MSTC*;2;3669,752669438561;0,03390821397252265
30;5;TMSTC*;2;3630,1665222413712;0,026600409237065185
30;5;MSTC*;4;1910,0229435793876;0,061970184156679334
30;5;TMSTC*;4;1950,9920632896126;0,08681672025723473
30;5;MSTC*;2;3618,3122654607323;0,018123355743934522
30;5;TMSTC*;2;3622,9278499094453;0,026308097047646885
30;5;MSTC*;4;1872,4831168168603;0,04881613563285589
30;5;TMSTC*;4;1920,0391052434015;0,061970184156679334
30;5;MSTC*;2;3689,237229293674;0,03332358959368606
30;5;TMSTC*;2;3603,353535261512;0,020169541069862615
30;5;MSTC*;4;1902,136363470722;0,05407775504238527
30;5;TMSTC*;4;1912,1819623862584;0,06723180356620871
30;5;MSTC*;2;3635,1385280281006;0,020169541069862615
30;5;TMSTC*;2;3646,9264068711927;0,034200526161940956
30;5;MSTC*;4;1968,2946607584665;0,08447822274188833
30;5;TMSTC*;4;1941,511111030131;0,0903244665302543
30;5;MSTC*;2;3626,3402596740034;0,019877228880444315
30;5;TMSTC*;2;3650,2379508127997;0,027185033615901782
30;5;MSTC*;4;1888,4978354426219;0,057293189125986556
30;5;TMSTC*;4;1955,1105338148302;0,08652440806781643
30;5;MSTC*;2;3637,8248195291153;0,022508038585209004
30;5;TMSTC*;2;3638,81082242248;0,026892721426483485
30;5;MSTC*;4;1931,2365077745467;0,06401636948260743
30;5;TMSTC*;4;1917,1708513561277;0,07863197895352236
30;5;MSTC*;2;3658,623809402339;0,023969599532300497
30;5;TMSTC*;2;3623,567099456672;0,021338789827535808
30;5;MSTC*;4;1981,0171714263786;0,07863197895352236
30;5;TMSTC*;4;1906,6119768530823;0,06635486699795382
30;5;MSTC*;2;3640,52438661764;0,01900029231218942
30;5;TMSTC*;2;3645,554545388289;0,024261911721718796
30;5;MSTC*;4;1972,5649348992933;0,07746273019584916
30;5;TMSTC*;4;1971,7063490038984;0,07658579362759427
30;5;MSTC*;2;3621,7408368893043;0,019584916691026015
30;5;TMSTC*;2;3627,6539681729882;0,023677287342882197
30;5;MSTC*;4;1948,0832611206856;0,07629348143817598
30;5;TMSTC*;4;1902,882250993909;0,06050862320958784
30;5;MSTC*;2;3693,3528137423855;0,03273896521484946
30;5;TMSTC*;2;3629,456565641842;0,028646594562993278
30;5;MSTC*;4;1945,6937949355154;0,06693949137679041
30;5;TMSTC*;4;1921,480230740356;0,07307804735457468
30;5;MSTC*;2;3622,740836889304;0,022215726395790704
30;5;TMSTC*;2;3678,964790595467;0,033615901783104356
30;5;MSTC*;4;1909,379364917404;0,06518561824028062
30;5;TMSTC*;4;1954,0545453882887;0,09178602747734581
30;5;MSTC*;2;3613,4116882454314;0,01870798012277112
30;5;TMSTC*;2;3625,3528137423855;0,024846536100555393
30;5;MSTC*;4;1879,4698412293512;0,05466237942122187
30;5;TMSTC*;4;1926,350649185008;0,06723180356620871
30;5;MSTC*;2;3618,012554068383;0,017246419175679626
30;5;TMSTC*;2;3632,3675323681477;0,0228003507746273
30;5;MSTC*;4;1892,6392495472267;0,049108447822274186
30;5;TMSTC*;4;1947,2217891487858;0,07424729611224788
30;5;MSTC*;2;3664,209956599528;0,025138848289973693
30;5;TMSTC*;2;3647,4102452071793;0,029523531131248174
30;5;MSTC*;4;1962,0509377926583;0,07044723764981
30;5;TMSTC*;4;1952,9544010844634;0,06109324758842444
30;5;MSTC*;2;3646,6385280281006;0,02543116047939199
30;5;TMSTC*;2;3655,2092350804023;0,03040046769950307
30;5;MSTC*;4;1937,7953822775928;0,06460099386144402
30;5;TMSTC*;4;1929,2275613017948;0,07570885705933937
30;5;MSTC*;2;3618,956565641842;0,016954106986261326
30;5;TMSTC*;2;3688,521500541136;0,03390821397252265
30;5;MSTC*;4;1953,9683981910991;0,07980122771119556
30;5;TMSTC*;4;1945,184126943637;0,07629348143817598
30;5;MSTC*;2;3673,6238094023392;0,02747734580532008
30;5;TMSTC*;2;3635,8535352615127;0,0228003507746273
30;5;MSTC*;4;1954,8793649174042;0,07220111078631979
30;5;TMSTC*;4;1906,7989898732235;0,0678164279450453
30;5;MSTC*;2;3682,7239537061637;0,026892721426483485
30;5;TMSTC*;2;3570,2555555150657;0,01169248757673195
30;5;MSTC*;4;1979,8190473761065;0,0686933645133002
30;5;TMSTC*;4;1902,6266954788437;0,06109324758842444
30;5;MSTC*;2;3587,270995659953;0,01666179479684303
30;5;TMSTC*;2;3656,1245309214655;0,03244665302543116
30;5;MSTC*;4;1920,0509377926576;0,05641625255773166
30;5;TMSTC*;4;1906,3079363459758;0,061385559777842734
30;5;MSTC*;2;3618,9705627484773;0,01900029231218942
30;5;TMSTC*;2;3655,669408317875;0,033031277404267756
30;5;MSTC*;4;1938,7828282092096;0,07044723764981
30;5;TMSTC*;4;1986,61053381483;0,07775504238526747
30;5;MSTC*;2;3680,2806636518308;0,029231218941829874
30;5;TMSTC*;2;3624,1672437604966;0,021923414206372407
30;5;MSTC*;4;1939,3255410482413;0,0719087985969015
30;5;TMSTC*;4;1929,7357862554215;0,07717041800643087
30;5;MSTC*;2;3625,853535261512;0,020169541069862615
30;5;TMSTC*;2;3602,2562770341915;0,01900029231218942
30;5;MSTC*;4;1921,281385170957;0,06284712072493423
30;5;TMSTC*;4;1925,908080649801;0,06080093539900614
30;5;MSTC*;2;3675,1952379737677;0,030985092078339667
30;5;TMSTC*;2;3629,4978354426216;0,0233849751534639
30;5;MSTC*;4;1913,6554112112403;0,05583162817889506
30;5;TMSTC*;4;1937,455844122716;0,06840105232388191
30;5;MSTC*;2;3635,9956708852433;0,022215726395790704
30;5;TMSTC*;2;3599,3549782997648;0,01870798012277112
30;5;MSTC*;4;1932,136363470722;0,06401636948260743
30;5;TMSTC*;4;1927,9956708852435;0,07863197895352236
30;5;MSTC*;2;3662,4102452071797;0,02601578485822859
30;5;TMSTC*;2;3613,910966726305;0,020169541069862615
30;5;MSTC*;4;1941,148917539105;0,0719087985969015
30;5;TMSTC*;4;1904,938960939576;0,061970184156679334
30;5;MSTC*;2;3638,0810965633073;0,020169541069862615
30;5;TMSTC*;2;3622,4396824587025;0,0230926629640456
30;5;MSTC*;4;1992,9066376115488;0,08593978368897984
30;5;TMSTC*;4;1955,9242423138146;0,08097047646886875
30;5;MSTC*;2;3679,4382394204504;0,02747734580532008
30;5;TMSTC*;2;3631,210678118655;0,021923414206372407
30;5;MSTC*;4;1908,3800864365307;0,056123940368313356
30;5;TMSTC*;4;1984,0767674485505;0,0707395498392283
30;5;MSTC*;2;3644,0825396015593;0,021923414206372407
30;5;TMSTC*;2;3651,4676766719726;0,03332358959368606
30;5;MSTC*;4;1932,4418470160806;0,06693949137679041
30;5;TMSTC*;4;1900,623809402339;0,06401636948260743
30;5;MSTC*;2;3626,369696925526;0,017246419175679626
30;5;TMSTC*;2;3630,053823869163;0,02046185325928091
30;5;MSTC*;4;1936,8675323681473;0,07570885705933937
30;5;TMSTC*;4;1909,8808079556566;0,06343174510377082
30;5;MSTC*;2;3649,2253967444167;0,021338789827535808
30;5;TMSTC*;2;3646,168686798749;0,026600409237065185
30;5;MSTC*;4;1997,192351897263;0,07453960830166619
30;5;TMSTC*;4;1930,884415551287;0,07629348143817598
30;5;MSTC*;2;3626,868253887274;0,022215726395790704
30;5;TMSTC*;2;3619,356421338017;0,028938906752411574
30;5;MSTC*;4;1961,4927848087389;0,08097047646886875
30;5;TMSTC*;4;1980,4766231447254;0,09003215434083602
30;5;MSTC*;2;3650,5818180824335;0,020169541069862615
30;5;TMSTC*;2;3688,9507934888334;0,034200526161940956
30;5;MSTC*;4;1919,853535261512;0,06021631102016954
30;5;TMSTC*;4;1937,5096679918788;0,07570885705933937
30;5;MSTC*;2;3679,0810965633073;0,02981584332066647
30;5;TMSTC*;2;3655,567099456672;0,029523531131248174
30;5;MSTC*;4;1949,908080649801;0,06693949137679041
30;5;TMSTC*;4;1947,9705627484773;0,08038585209003216
30;5;MSTC*;2;3643,9949493661175;0,023969599532300497
30;5;TMSTC*;2;3665,697402531146;0,030692779888921367
30;5;MSTC*;4;1887,4852813742386;0,05349313066354867
30;5;TMSTC*;4;1958,038383724275;0,08740134463607133
30;5;MSTC*;2;3624,0818180824335;0,01900029231218942
30;5;TMSTC*;2;3673,050937792658;0,03215434083601286
30;5;MSTC*;4;1883,1974025311456;0,050277696579947385
30;5;TMSTC*;4;1925,849206146756;0,06810874013446361
30;5;MSTC*;2;3642,4529580462113;0,023969599532300497
30;5;TMSTC*;2;3670,9507934888334;0,03507746273019585
30;5;MSTC*;4;1916,1363634707216;0,052908506284712074
30;5;TMSTC*;4;1985,034054609519;0,07161648640748319
30;5;MSTC*;2;3609,2408368893043;0,01636948260742473
30;5;TMSTC*;2;3619,198124050272;0,026892721426483485
30;5;MSTC*;4;1881,0552669074148;0,05057000876936568
30;5;TMSTC*;4;1935,4551226035896;0,08827828120432622
30;5;MSTC*;2;3615,5707070523026;0,01870798012277112
30;5;TMSTC*;2;3677,892640504913;0,033031277404267756
30;5;MSTC*;4;1977,0067819153742;0,08067816427945046
30;5;TMSTC*;4;2015,6062047000732;0,08389359836305174
30;5;MSTC*;2;3679,2239537061646;0,03127740426775796
30;5;TMSTC*;2;3609,1819623862584;0,019877228880444315
30;5;MSTC*;4;1969,740115370178;0,07570885705933937
30;5;TMSTC*;4;1913,097258227321;0,0695703010815551
30;5;MSTC*;2;3619,7695526217008;0,020169541069862615
30;5;TMSTC*;2;3607,370418444652;0,0230926629640456
30;5;MSTC*;4;1933,31082242248;0,06752411575562701
30;5;TMSTC*;4;1895,6658007222445;0,061385559777842734
30;15;MSTC*;2;3395,811543941606;0,028095393662201894
30;15;TMSTC*;2;3300,298268354097;0,013394315583142764
30;15;MSTC*;4;1813,7121211569074;0,0800392028748775
30;15;TMSTC*;4;1796,208513561277;0,07840574975498203
30;5;MSTC*;2;3635,1245309214655;0,018415667933352822
30;5;TMSTC*;2;3656,2806636518317;0,028061970184156678
30;5;MSTC*;4;1925,9971139234956;0,06693949137679041
30;5;TMSTC*;4;1949,036940686023;0,07453960830166619
30;15;MSTC*;2;3439,4816737786077;0,04148970924534466
30;15;TMSTC*;2;3374,553823869163;0,03234237177393009
30;15;MSTC*;4;1788,6281385170957;0,07056517477948383
30;15;TMSTC*;4;1763,6694083178757;0,06631819666775564
30;5;MSTC*;2;3610,6995670885244;0,01900029231218942
30;5;TMSTC*;2;3555,270995659953;0,0070154925460391695
30;5;MSTC*;4;1942,209235080403;0,0689856767027185
30;5;TMSTC*;4;1923,1672437604973;0,052323881905875474
30;15;MSTC*;2;3422,009667991878;0,03201568114995099
30;15;TMSTC*;2;3324,912409764558;0,018948056190787325
30;15;MSTC*;4;1799,9698412293512;0,06860503103560928
30;15;TMSTC*;4;1823,5634918610413;0,08199934661875204
30;15;MSTC*;2;3409,939682458702;0,033649134269846455
30;15;TMSTC*;2;3347,7842712474617;0,021561581182620058
30;15;MSTC*;4;1848,353535261512;0,09474028095393662
30;15;TMSTC*;4;1840,5089464727525;0,10682783404116301
30;15;MSTC*;2;3397,7253967444162;0,028095393662201894
30;15;TMSTC*;2;3394,553823869163;0,03887618425351192
30;15;MSTC*;4;1808,5243866176397;0,0836327997386475
30;15;TMSTC*;4;1809,8919189857875;0,09212675596210389
30;15;MSTC*;2;3386,1959594928935;0,02515517804639007
30;15;TMSTC*;2;3366,3528137423864;0,027768703038222802
30;15;MSTC*;4;1762,3226549717367;0,05782424044429925
30;15;TMSTC*;4;1816,7910531628356;0,10127409343351845
30;15;MSTC*;2;3382,039105243401;0,019601437438745508
30;15;TMSTC*;2;3336,5972582273203;0,015354459327017315
30;15;MSTC*;4;1809,4124097645579;0,08559294348252205
30;15;TMSTC*;4;1804,851370704134;0,08591963410650115
30;15;MSTC*;2;3361,6679652796233;0,0199281280627246
30;15;TMSTC*;2;3356,4956708852433;0,03136229990199281
30;15;MSTC*;4;1803,452958046211;0,06468474354786018
30;15;TMSTC*;4;1801,0839826398114;0,09343351845802025
30;15;MSTC*;2;3379,653968172988;0,02188827180659915
30;15;TMSTC*;2;3385,7246752252904;0,03430251551780464
30;15;MSTC*;4;1765,7497833620564;0,05847762169225743
30;15;TMSTC*;4;1869,6937949355158;0,09931394968964391
30;5;MSTC*;2;3685,766666545196;0,03507746273019585
30;5;TMSTC*;2;3626,723953706164;0,0228003507746273
30;5;MSTC*;4;1911,7526694385606;0,06167787196726104
30;5;TMSTC*;4;1945,0936506316905;0,07629348143817598
30;15;MSTC*;2;3353,06926401405;0,019601437438745508
30;15;TMSTC*;2;3355,4956708852437;0,028748774910160077
30;15;MSTC*;4;1801,9669551528464;0,0761189153871284
30;15;TMSTC*;4;1758,9256853520671;0,0679516497876511
30;15;MSTC*;2;3368,870418444652;0,0199281280627246
30;15;TMSTC*;2;3342,441847016081;0,03070891865403463
30;15;MSTC*;4;1797,2541124768131;0,07709898725906567
30;15;TMSTC*;4;1802,939682458702;0,09441359032995753
30;15;MSTC*;2;3416,75266943856;0,03430251551780464
30;15;TMSTC*;2;3408,795382277593;0,04148970924534466
30;15;MSTC*;4;1814,511832549257;0,07840574975498203
30;15;TMSTC*;4;1777,4500719697066;0,07415877164325384
30;15;MSTC*;2;3357,883694032161;0,018621365566808233
30;15;TMSTC*;2;3394,5383837242744;0,03691604050963737
30;15;MSTC*;4;1796,7975468349714;0,07350539039529566
30;15;TMSTC*;4;1853,9411254969546;0,10062071218556028
30;15;MSTC*;2;3429,5818180824335;0,035609278013721005
30;15;TMSTC*;2;3422,4095236880535;0,042143090493302844
30;15;MSTC*;4;1806,1266954788437;0,08297941849068932
30;15;TMSTC*;4;1834,1643576839926;0,10029402156158118
30;15;MSTC*;2;3387,981673778608;0,029728846782097355
30;15;TMSTC*;2;3317,939682458702;0,02221496243057824
30;15;MSTC*;4;1805,7261182635427;0,0836327997386475
30;15;TMSTC*;4;1811,1665222413708;0,09180006533812479
30;15;MSTC*;2;3333,2135641951595;0,0199281280627246
30;15;TMSTC*;2;3386,011832549257;0,041163018621365566
30;15;MSTC*;4;1805,5103895110044;0,0836327997386475
30;15;TMSTC*;4;1765,924242313815;0,07742567788304476
30;15;MSTC*;2;3428,608369257452;0,04181639986932375
30;15;TMSTC*;2;3350,339538154877;0,03038222803005554
30;15;MSTC*;4;1842,5222220602616;0,09833387781770664
30;15;TMSTC*;4;1772,3240980099895;0,0757922247631493
30;15;MSTC*;2;3423,6098122957037;0,03854949362953283
30;15;TMSTC*;2;3374,238672331926;0,031688990525971905
30;15;MSTC*;4;1751,5818180824335;0,06043776543613198
30;15;TMSTC*;4;1813,9787877021035;0,0875530872263966
30;15;MSTC*;2;3376,2975468349714;0,02319503430251552
30;15;TMSTC*;2;3388,3689754064;0,03397582489382555
30;15;MSTC*;4;1797,7372292936732;0,06043776543613198
30;15;TMSTC*;4;1835,9698412293512;0,10029402156158118
30;15;MSTC*;2;3413,895526581418;0,03070891865403463
30;15;TMSTC*;2;3435,9080806498005;0,04181639986932375
30;15;MSTC*;4;1780,4411254969546;0,060111074812152894
30;15;TMSTC*;4;1830,6841269436368;0,09016661221822933
30;15;MSTC*;2;3379,740836889304;0,01829467494282914
30;15;TMSTC*;2;3401,153246653862;0,039202874877491016
30;15;MSTC*;4;1796,1510820964834;0,07252531852335838
30;15;TMSTC*;4;1795,4382394204501;0,08591963410650115
30;15;MSTC*;2;3396,6812408671326;0,03430251551780464
30;15;TMSTC*;2;3411,4080806498005;0,04148970924534466
30;15;MSTC*;4;1826,38008643653;0,08428618098660569
30;15;TMSTC*;4;1798,0279942132706;0,0875530872263966
30;15;MSTC*;2;3380,211399637781;0,02548186867036916
30;15;TMSTC*;2;3385,3535352615127;0,03430251551780464
30;15;MSTC*;4;1815,5642133801675;0,08689970597843842
30;15;TMSTC*;4;1830,5810965633075;0,09604704344985299
30;15;MSTC*;2;3406,4956708852437;0,030055537406076447
30;15;TMSTC*;2;3365,8535352615127;0,025808559294348252
30;15;MSTC*;4;1827,2548339959394;0,08559294348252205
30;15;TMSTC*;4;1825,861760215138;0,09278013721006208
30;15;MSTC*;2;3336,813708498985;0,018948056190787325
30;15;TMSTC*;2;3405,1819623862584;0,041163018621365566
30;15;MSTC*;4;1807,5642133801673;0,06664488729173473
30;15;TMSTC*;4;1851,6937949355158;0,11662855276053577
30;15;MSTC*;2;3322,91385280281;0,016987912446912775
30;15;TMSTC*;2;3317,3122654607328;0,018948056190787325
30;15;MSTC*;4;1775,9404039778285;0,07415877164325384
30;15;TMSTC*;4;1751,0545453882887;0,0637046716759229
30;15;MSTC*;2;3369,2821066900838;0,022868343678536424
30;15;TMSTC*;2;3333,5685424949243;0,022541653054557333
30;15;MSTC*;4;1784,3417027122555;0,07677229663508657
30;15;TMSTC*;4;1782,1252524405916;0,08101927474681477
30;15;MSTC*;2;3441,6672437604966;0,04181639986932375
30;15;TMSTC*;2;3409,3513707041343;0,040182946749428294
30;15;MSTC*;4;1845,4375179013239;0,09898725906566481
30;15;TMSTC*;4;1842,795382277593;0,1120548840248285
30;15;MSTC*;2;3368,454401084464;0,024501796798431886
30;15;TMSTC*;2;3357,5118325492567;0,027768703038222802
30;15;MSTC*;4;1827,0538238691627;0,08559294348252205
30;15;TMSTC*;4;1800,037662205149;0,08297941849068932
30;15;MSTC*;2;3391,7526694385606;0,02907546553413917
30;15;TMSTC*;2;3326,7828282092096;0,01796798431885005
30;15;MSTC*;4;1797,0272726941446;0,0797125122508984
30;15;TMSTC*;4;1789,3255410482416;0,0839594903626266
30;15;MSTC*;2;3421,4809522594815;0,03201568114995099
30;15;TMSTC*;2;3395,480230740356;0,03397582489382555
30;15;MSTC*;4;1810,3696969255257;0,07481215289121203
30;15;TMSTC*;4;1794,8682538872738;0,0793858216269193
30;15;MSTC*;2;3394,1112553339563;0,02188827180659915
30;15;TMSTC*;2;3384,0125540683825;0,037242731133616466
30;15;MSTC*;4;1796,6988455693984;0,06664488729173473
30;15;TMSTC*;4;1815,4116882454316;0,09212675596210389
30;15;MSTC*;2;3358,9845598551124;0,02188827180659915
30;15;TMSTC*;2;3350,2113996377816;0,024175106174452794
30;15;MSTC*;4;1787,7813851709575;0,06925841228356747
30;15;TMSTC*;4;1784,925685352067;0,07513884351519111
30;15;MSTC*;2;3425,5965367081944;0,03691604050963737
30;15;TMSTC*;2;3351,383694032161;0,03038222803005554
30;15;MSTC*;4;1809,4235207946888;0,07807905913100294
30;15;TMSTC*;4;1800,197402531146;0,09278013721006208
30;15;MSTC*;2;3405,1105338148295;0,03332244364586737
30;15;TMSTC*;2;3386,723953706164;0,03462920614178373
30;15;MSTC*;4;1844,4059160924228;0,08591963410650115
30;15;TMSTC*;4;1735,0972582273205;0,05227049983665469
30;15;MSTC*;2;3408,424963832941;0,03299575302188827
30;15;TMSTC*;2;3383,981673778608;0,03397582489382555
30;15;MSTC*;4;1774,7997113923495;0,061091146684090165
30;15;TMSTC*;4;1810,6672437604973;0,08983992159425025
30;15;MSTC*;2;3439,8380951166246;0,04181639986932375
30;15;TMSTC*;2;3381,4676766719726;0,039202874877491016
30;15;MSTC*;4;1829,8520922232594;0,09441359032995753
30;15;TMSTC*;4;1795,6952379737677;0,0875530872263966
30;15;MSTC*;2;3411,5958151890677;0,033649134269846455
30;15;TMSTC*;2;3319,7128426760337;0,01796798431885005
30;15;MSTC*;4;1910,3757573217738;0,1159751715125776
30;15;TMSTC*;4;1761,4831168168605;0,067624959163672
30;15;MSTC*;2;3398,624530921465;0,03299575302188827
30;15;TMSTC*;2;3382,1546896921136;0,0359359686377001
30;15;MSTC*;4;1805,452236527085;0,06697157791571381
30;15;TMSTC*;4;1813,450793488833;0,09180006533812479
30;15;MSTC*;2;3407,469119710225;0,02711532179026462
30;15;TMSTC*;2;3427,9109667263056;0,04344985298921921
30;15;MSTC*;4;1808,1966810120198;0,0793858216269193
30;15;TMSTC*;4;1828,9691197102252;0,08265272786671023
30;15;MSTC*;2;3370,9536795653376;0,022541653054557333
30;15;TMSTC*;2;3359,9551226035896;0,03234237177393009
30;15;MSTC*;4;1811,5229435793876;0,07807905913100294
30;15;TMSTC*;4;1846,207070523024;0,11499509964064031
30;15;MSTC*;2;3447,838095116625;0,040182946749428294
30;15;TMSTC*;2;3405,9536795653376;0,03626265926167919
30;15;MSTC*;4;1864,5354976477706;0,10584776216922574
30;15;TMSTC*;4;1853,838816635751;0,10519438092126757
30;15;MSTC*;2;3420,410966726305;0,03397582489382555
30;15;TMSTC*;2;3381,3689754064;0,02744201241424371
30;15;MSTC*;4;1763,2128426760335;0,05815093106827834
30;15;TMSTC*;4;1809,4795092212294;0,09049330284220843
30;15;MSTC*;2;3395,653968172988;0,02711532179026462
30;15;TMSTC*;2;3338,899134177049;0,024175106174452794
30;15;MSTC*;4;1811,2350647362948;0,06991179353152564
30;15;TMSTC*;4;1835,438960939576;0,10062071218556028
30;15;MSTC*;2;3411,010389511004;0,03397582489382555
30;15;TMSTC*;2;3412,4809522594815;0,042143090493302844
30;15;MSTC*;4;1852,3513707041334;0,10094740280953937
30;15;TMSTC*;4;1827,1245309214648;0,10127409343351845
30;15;MSTC*;2;3353,125973959717;0,02221496243057824
30;15;TMSTC*;2;3404,2975468349714;0,044103234237177394
30;15;MSTC*;4;1817,3542567806385;0,08918654034629206
30;15;TMSTC*;4;1843,8513707041334;0,10944135903299575
30;15;MSTC*;2;3402,481673778608;0,026788631166285527
30;15;TMSTC*;2;3398,4949493661175;0,03658934988565828
30;15;MSTC*;4;1838,4802307403556;0,09245344658608298
30;15;TMSTC*;4;1786,2246752252906;0,08232603724273113
30;15;MSTC*;2;3406,695959492893;0,029728846782097355
30;15;TMSTC*;2;3394,2806636518308;0,03332244364586737
30;15;MSTC*;4;1862,1223663640867;0,09310682783404116
30;15;TMSTC*;4;1817,848484627629;0,09604704344985299
30;15;MSTC*;2;3412,61053381483;0,035282587389741916
30;15;TMSTC*;2;3381,440403977828;0,02907546553413917
30;15;MSTC*;4;1816,826262567368;0,08951323097027115
30;15;TMSTC*;4;1817,1259739597174;0,08885984972231296
30;15;MSTC*;2;3383,413131283684;0,021234890558640966
30;15;TMSTC*;2;3359,427128390319;0,03332244364586737
30;15;MSTC*;4;1806,7415584084301;0,06893172165958837
30;15;TMSTC*;4;1811,4124097645577;0,09833387781770664
30;15;MSTC*;2;3397,0251081367664;0,03070891865403463
30;15;TMSTC*;2;3379,695959492894;0,03626265926167919
30;15;MSTC*;4;1775,0531023500364;0,05880431231623652
30;15;TMSTC*;4;1814,4655121145943;0,0875530872263966
30;15;MSTC*;2;3381,7813851709575;0,028422084286180985
30;15;TMSTC*;2;3347,2113996377816;0,02907546553413917
30;15;MSTC*;4;1765,1834054245105;0,06631819666775564
30;15;TMSTC*;4;1804,3506491850078;0,09278013721006208
30;15;MSTC*;2;3408,967676671973;0,02515517804639007
30;15;TMSTC*;2;3381,15541121124;0,02907546553413917
30;15;MSTC*;4;1804,4522365270852;0,07644560601110748
30;15;TMSTC*;4;1893,0634918610415;0,10519438092126757
30;15;MSTC*;2;3353,142135623731;0,02025481868670369
30;15;TMSTC*;2;3380,3086578651014;0,028095393662201894
30;15;MSTC*;4;1791,9669551528461;0,0757922247631493
30;15;TMSTC*;4;1791,6701298370017;0,0757922247631493
30;15;MSTC*;2;3357,1701298370017;0,020908199934661875
30;15;TMSTC*;2;3342,4838383359865;0,026788631166285527
30;15;MSTC*;4;1770,2275613017948;0,055537406076445604
30;15;TMSTC*;4;1789,9389609395762;0,08689970597843842
30;15;MSTC*;2;3449,1952379737677;0,03430251551780464
30;15;TMSTC*;2;3383,8815294747824;0,037242731133616466
30;15;MSTC*;4;1876,381529474783;0,11630186213655667
30;15;TMSTC*;4;1864,5649348992936;0,12218229336818033
30;15;MSTC*;2;3389,953679565337;0,024828487422410978
30;15;TMSTC*;2;3367,8528137423855;0,029728846782097355
30;15;MSTC*;4;1790,9095236880535;0,0715452466514211
30;15;TMSTC*;4;1834,2261182635425;0,10160078405749755
30;15;MSTC*;2;3421,281385170958;0,03691604050963737
30;15;TMSTC*;2;3303,684848462763;0,013721006207121855
30;15;MSTC*;4;1769,240836889304;0,06566481541979745
30;15;TMSTC*;4;1743,8549782997645;0,05782424044429925
30;15;MSTC*;2;3351,32770560562;0,019274746814766416
30;15;TMSTC*;2;3327,912409764558;0,016661221822933683
30;15;MSTC*;4;1767,9116882454314;0,05782424044429925
30;15;TMSTC*;4;1781,6385280281004;0,07481215289121203
30;15;MSTC*;2;3391,710678118655;0,03332244364586737
30;15;TMSTC*;2;3404,652525134736;0,03887618425351192
30;15;MSTC*;4;1815,6834054245107;0,09212675596210389
30;15;TMSTC*;4;1797,6385280281006;0,08559294348252205
30;15;MSTC*;2;3445,2239537061637;0,040182946749428294
30;15;TMSTC*;2;3432,979509221229;0,04442992486115648
30;15;MSTC*;4;1871,03189005214;0,1117281934008494
30;15;TMSTC*;4;1813,9971139234956;0,09310682783404116
30;15;MSTC*;2;3392,6525251347357;0,029728846782097355
30;15;TMSTC*;2;3395,3513707041334;0,035282587389741916
30;15;MSTC*;4;1814,1819623862586;0,08918654034629206
30;15;TMSTC*;4;1797,125252440591;0,08559294348252205
30;15;MSTC*;2;3402,3248195291158;0,03495589676576282
30;15;TMSTC*;2;3318,826984086494;0,019274746814766416
30;15;MSTC*;4;1792,5803750441803;0,07448546226723293
30;15;TMSTC*;4;1786,9809522594815;0,0839594903626266
30;15;MSTC*;2;3374,383694032161;0,022868343678536424
30;15;TMSTC*;2;3375,4809522594824;0,03038222803005554
30;15;MSTC*;4;1811,9375179013236;0,07905913100294022
30;15;TMSTC*;4;1798,7239537061644;0,07644560601110748
30;15;MSTC*;2;3422,1245309214655;0,035609278013721005
30;15;TMSTC*;2;3421,923520794689;0,045083306109114665
30;15;MSTC*;4;1833,7225106679118;0,10290754655341391
30;15;TMSTC*;4;1781,913131283684;0,08036589349885659
30;15;MSTC*;2;3328,5279942132706;0,01470107807905913
30;15;TMSTC*;2;3336,396248100544;0,023848415550473703
30;15;MSTC*;4;1774,1974025311458;0,06337798105194381
30;15;TMSTC*;4;1804,4676766719724;0,08689970597843842
30;15;MSTC*;2;3407,2813851709575;0,03266906239790918
30;15;TMSTC*;2;3376,7225106679116;0,031688990525971905
30;15;MSTC*;4;1787,8093793842274;0,06174452793204835
30;15;TMSTC*;4;1795,2695526217008;0,08428618098660569
30;15;MSTC*;2;3343,9264068711927;0,018948056190787325
30;15;TMSTC*;2;3338,555266907415;0,020908199934661875
30;15;MSTC*;4;1776,2415584084301;0,06599150604377654
30;15;TMSTC*;4;1802,9544010844636;0,08983992159425025
30;15;MSTC*;2;3348,1981240502723;0,020908199934661875
30;15;TMSTC*;2;3349,1539681729882;0,024175106174452794
30;15;MSTC*;4;1813,737950812799;0,06893172165958837
30;15;TMSTC*;4;1755,7806636518312;0,06599150604377654
30;15;MSTC*;2;3401,739393851052;0,026788631166285527
30;15;TMSTC*;2;3383,7695526217003;0,039202874877491016
30;15;MSTC*;4;1852,5362191668967;0,09866056844168572
30;15;TMSTC*;4;1808,740115370178;0,10094740280953937
30;15;MSTC*;2;3449,96623363372;0,041163018621365566
30;15;TMSTC*;2;3406,251226400308;0,03430251551780464
30;15;MSTC*;4;1821,0678209757978;0,08069258412283567
30;15;TMSTC*;4;1822,9683981910987;0,0875530872263966
30;15;MSTC*;2;3364,298268354097;0,020908199934661875
30;15;TMSTC*;2;3383,3976911387967;0,037242731133616466
30;15;MSTC*;4;1774,380807955656;0,06403136229990199
30;15;TMSTC*;4;1829,824098009989;0,10552107154524665
30;15;MSTC*;2;3384,441125496954;0,02907546553413917
30;15;TMSTC*;2;3385,3668108490206;0,03299575302188827
30;15;MSTC*;4;1846,5405482816534;0,09539366220189481
30;15;TMSTC*;4;1810,707070523024;0,09376020908199935
30;15;MSTC*;2;3407,9823952977345;0,03266906239790918
30;15;TMSTC*;2;3346,7968253158447;0,02711532179026462
30;15;MSTC*;4;1795,7666665451961;0,07448546226723293
30;15;TMSTC*;4;1743,8417027122555;0,06827834041163018
30;15;MSTC*;2;3369,3829725130354;0,020908199934661875
30;15;TMSTC*;2;3380,595093669943;0,03495589676576282
30;15;MSTC*;4;1787,6561327303664;0,06599150604377654
30;15;TMSTC*;4;1831,0075034345002;0,1078079059131003
30;15;MSTC*;2;3400,31082242248;0,028748774910160077
30;15;TMSTC*;2;3406,4088021689277;0,04148970924534466
30;15;MSTC*;4;1820,519335983757;0,09016661221822933
30;15;TMSTC*;4;1867,264501987818;0,08657301535445933
30;15;MSTC*;2;3398,2533909576873;0,02711532179026462
30;15;TMSTC*;2;3409,152525134736;0,0398562561254492
30;15;MSTC*;4;1805,1568542494924;0,07383208101927474
30;15;TMSTC*;4;1845,0398267625276;0,10519438092126757
30;15;MSTC*;2;3394,0670994566717;0,029728846782097355
30;15;TMSTC*;2;3375,595815189068;0,03136229990199281
30;15;MSTC*;4;1854,0922075934382;0,10617445279320484
30;15;TMSTC*;4;1793,6945164546416;0,07775236850702384
30;15;MSTC*;2;3338,6981240502723;0,01633453119895459
30;15;TMSTC*;2;3399,55238083091;0,03789611238157465
30;15;MSTC*;4;1783,382972513035;0,0718719372754002
30;15;TMSTC*;4;1814,35209222326;0,09735380594576935
30;15;MSTC*;2;3417,181962386259;0,029728846782097355
30;15;TMSTC*;2;3336,7975468349714;0,021561581182620058
30;15;MSTC*;4;1805,0839826398117;0,0800392028748775
30;15;TMSTC*;4;1826,7113996377814;0,10192747468147664
30;15;MSTC*;2;3435,3822509939087;0,04181639986932375
30;15;TMSTC*;2;3393,751947919435;0,03332244364586737
30;15;MSTC*;4;1808,353535261512;0,08559294348252205
30;15;TMSTC*;4;1822,6378065089746;0,08232603724273113
30;15;MSTC*;2;3356,910966726305;0,01796798431885005
30;15;TMSTC*;2;3378,7541124768127;0,03397582489382555
30;15;MSTC*;4;1810,3815294747828;0,0836327997386475
30;15;TMSTC*;4;1813,140692585479;0,09212675596210389
30;15;MSTC*;2;3376,7688311025745;0,0199281280627246
30;15;TMSTC*;2;3328,0979797464465;0,016987912446912775
30;15;MSTC*;4;1760,3984126579226;0,05129042796471741
30;15;TMSTC*;4;1832,0656564184194;0,09572035282587389
30;15;MSTC*;2;3412,6797978288796;0,033649134269846455
30;15;TMSTC*;2;3325,740836889304;0,025808559294348252
30;15;MSTC*;4;1848,1797978288798;0,10486769029728847
30;15;TMSTC*;4;1795,9522365270848;0,08983992159425025
30;15;MSTC*;2;3353,4116882454314;0,018948056190787325
30;15;TMSTC*;2;3337,441125496954;0,02319503430251552
30;15;MSTC*;4;1748,9551226035899;0,05619078732440379
30;15;TMSTC*;4;1788,8233764908632;0,0839594903626266
30;15;MSTC*;2;3370,8829725130354;0,023848415550473703
30;15;TMSTC*;2;3369,8549782997648;0,03299575302188827
30;15;MSTC*;4;1777,4249638329406;0,05945769356419471
30;15;TMSTC*;4;1827,1098122957037;0,10486769029728847
30;15;MSTC*;2;3391,698124050272;0,023848415550473703
30;15;TMSTC*;2;3354,3402596740034;0,03201568114995099
30;15;MSTC*;4;1831,8072148268498;0,08951323097027115
30;15;TMSTC*;4;1806,4949493661175;0,0914733747141457
30;15;MSTC*;2;3461,523665098513;0,045083306109114665
30;15;TMSTC*;2;3402,7982683540968;0,045083306109114665
30;15;MSTC*;4;1778,423520794688;0,06958510290754655
30;15;TMSTC*;4;1811,4256853520671;0,09343351845802025
30;15;MSTC*;2;3398,539826762528;0,025808559294348252
30;15;TMSTC*;2;3382,838816635751;0,03691604050963737
30;15;MSTC*;4;1759,6259739597174;0,05619078732440379
30;15;TMSTC*;4;1828,1819623862582;0,10421430904933028
30;15;MSTC*;2;3413,9109667263056;0,03430251551780464
30;15;TMSTC*;2;3338,0118325492567;0,021234890558640966
30;15;MSTC*;4;1885,0796535250547;0,10682783404116301
30;15;TMSTC*;4;1778,4971139234951;0,07056517477948383
30;15;MSTC*;2;3331,356421338017;0,015027768703038223
30;15;TMSTC*;2;3420,2659450260703;0,043123162365240116
30;15;MSTC*;4;1773,9845598551126;0,059131002940215616
30;15;TMSTC*;4;1807,511111030131;0,09016661221822933
30;15;MSTC*;2;3405,3262625673674;0,03136229990199281
30;15;TMSTC*;2;3305,7562770341915;0,013721006207121855
30;15;MSTC*;4;1792,3808079556566;0,06272459980398562
30;15;TMSTC*;4;1764,0685424949238;0,06664488729173473
30;15;MSTC*;2;3395,3108224224807;0,028095393662201894
30;15;TMSTC*;2;3368,1966810120202;0,027768703038222802
30;15;MSTC*;4;1836,1112553339563;0,09441359032995753
30;15;TMSTC*;4;1808,9109667263058;0,09441359032995753
30;40;MSTC*;2;2669,4102452071797;0,0939379916705229
30;40;TMSTC*;2;2684,1805193480054;0,1064322073114299
30;40;MSTC*;4;1551,447907412328;0,25034706154558073
30;40;TMSTC*;4;1515,094372150816;0,21240166589541878
30;15;MSTC*;2;3357,3984126579226;0,0199281280627246
30;15;TMSTC*;2;3391,0692640140505;0,03658934988565828
30;15;MSTC*;4;1763,2422799275562;0,05945769356419471
30;15;TMSTC*;4;1805,9683981910991;0,08918654034629206
30;15;MSTC*;2;3400,0383837242753;0,02907546553413917
30;15;TMSTC*;2;3383,153968172988;0,037242731133616466
30;15;MSTC*;4;1801,939682458702;0,07840574975498203
30;15;TMSTC*;4;1840,2232321870383;0,099640640313623
30;40;MSTC*;2;2608,42496383294;0,06941230911614993
30;40;TMSTC*;2;2567,6679652796233;0,06015733456732994
30;40;MSTC*;4;1568,1216448449604;0,25219805645534477
30;40;TMSTC*;4;1602,3057717885972;0,24895881536325776
30;40;MSTC*;2;2617,1098122957037;0,07496529384544193
30;40;TMSTC*;2;2608,6098122957033;0,07311429893567793
30;40;MSTC*;4;1505,0670994566715;0,21471540953262377
30;40;TMSTC*;4;1462,8520922232601;0,18047200370198982
30;15;MSTC*;2;3347,941847016081;0,022868343678536424
30;15;TMSTC*;2;3288,727561301795;0,01110748121528912
30;15;MSTC*;4;1825,0685424949243;0,09408689970597844
30;15;TMSTC*;4;1785,9802307403552;0,08559294348252205
30;15;MSTC*;2;3402,4816737786077;0,03299575302188827
30;15;TMSTC*;2;3374,43823942045;0,028748774910160077
30;15;MSTC*;4;1767,184126943637;0,05619078732440379
30;15;TMSTC*;4;1829,1665222413703;0,09408689970597844
30;40;MSTC*;2;2701,0796535250543;0,1022674687644609
30;40;TMSTC*;2;2719,050937792658;0,11753817677001388
30;40;MSTC*;4;1565,2314571406641;0,24942156409069874
30;40;TMSTC*;4;1569,1607500883617;0,2582137899120777
30;40;MSTC*;2;2658,380807955657;0,08607126330402591
30;40;TMSTC*;2;2632,7239537061637;0,08190652475705691
30;40;MSTC*;4;1507,964069076342;0,2091624248033318
30;40;TMSTC*;4;1487,1252524405916;0,2017584451642758
30;15;MSTC*;2;3410,752669438561;0,03462920614178373
30;15;TMSTC*;2;3369,297546834971;0,0359359686377001
30;15;MSTC*;4;1864,2217891487858;0,11009474028095394
30;15;TMSTC*;4;1797,5559884265408;0,09081999346618752
30;40;MSTC*;2;2620,2106781186553;0,07126330402591392
30;40;TMSTC*;2;2591,7533909576873;0,06709856547894494
30;40;MSTC*;4;1553,9206347181837;0,23831559463211477
30;40;TMSTC*;4;1521,5922075934375;0,23091161499305876
30;15;MSTC*;2;3392,953679565337;0,028748774910160077
30;15;TMSTC*;2;3403,0376622051494;0,035609278013721005
30;15;MSTC*;4;1800,6274169979697;0,07840574975498203
30;15;TMSTC*;4;1815,8373735974985;0,07873244037896113
30;15;MSTC*;2;3393,2821066900833;0,024501796798431886
30;15;TMSTC*;2;3340,6126983722083;0,024501796798431886
30;15;MSTC*;4;1761,926406871193;0,059131002940215616
30;15;TMSTC*;4;1797,6930734163886;0,08526625285854296
30;40;MSTC*;2;2759,0075034345004;0,12447940768162888
30;40;TMSTC*;2;2786,922077756437;0,14160111059694586
30;40;MSTC*;4;1580,7174600340288;0,26515502082369274
30;40;TMSTC*;4;1474,3395381548771;0,1934289680703378
30;40;MSTC*;2;2550,8836940321607;0,05599259602036094
30;40;TMSTC*;2;2556,3262625673674;0,06339657565941693
30;40;MSTC*;4;1458,1959594928937;0,1841739935215178
30;40;TMSTC*;4;1447,6679652796233;0,18880148079592782
30;40;MSTC*;2;2744,992784808738;0,11985192040721888
30;40;TMSTC*;2;2731,69307341639;0,11985192040721888
30;40;MSTC*;4;1613,134198913343;0,2910689495603887
30;40;TMSTC*;4;1621,2454542472994;0,30356316520129567
30;40;MSTC*;2;2525,8122654607323;0,037482646922720964
30;40;TMSTC*;2;2554,2393938510513;0,04951411383618695
30;40;MSTC*;4;1456,3101009033537;0,17075428042572882
30;40;TMSTC*;4;1456,081818082433;0,17769551133734382
30;40;MSTC*;2;2599,354256780638;0,07126330402591392
30;40;TMSTC*;2;2591,8822509939087;0,06894956038870893
30;40;MSTC*;4;1441,1112553339558;0,16520129569643682
30;40;TMSTC*;4;1451,3976911387965;0,1883387320684868
30;40;MSTC*;2;2683,0243866176397;0,0981027302174919
30;40;TMSTC*;2;2623,1385280281006;0,08005552984729292
30;40;MSTC*;4;1455,1510820964834;0,1758445164275798
30;40;TMSTC*;4;1471,1216448449604;0,1920407218880148
30;40;MSTC*;2;2805,2365077745476;0,15039333641832486
30;40;TMSTC*;2;2794,4367963821983;0,14946783896344285
30;40;MSTC*;4;1612,623809402339;0,2947709393799167
30;40;TMSTC*;4;1600,8808079556568;0,2915316982878297
30;40;MSTC*;2;2605,9396824587025;0,06848681166126794
30;40;TMSTC*;2;2621,6966810120202;0,07820453493752892
30;40;MSTC*;4;1610,5922075934377;0,2984729291994447
30;40;TMSTC*;4;1599,1805193480056;0,2947709393799167
30;40;MSTC*;2;2610,925685352067;0,06987505784359092
30;40;TMSTC*;2;2629,011111030131;0,08283202221193892
30;40;MSTC*;4;1534,5103895110049;0,23924109208699676
30;40;TMSTC*;4;1480,5958151890688;0,2086996760758908
30;40;MSTC*;2;2618,095093669942;0,07265155020823692
30;40;TMSTC*;2;2623,8093793842277;0,07866728366496992
30;40;MSTC*;4;1556,9766231447247;0,25219805645534477
30;40;TMSTC*;4;1549,1047616618202;0,25312355391022673
30;40;MSTC*;2;2695,7239537061646;0,09717723276260991
30;40;TMSTC*;2;2673,85209222326;0,0976399814900509
30;40;MSTC*;4;1593,447907412328;0,24664507172605277
30;40;TMSTC*;4;1576,347763108503;0,24109208699676077
30;40;MSTC*;2;2564,3542567806385;0,05876908838500694
30;40;TMSTC*;2;2556,1826839053842;0,056918093475242945
30;40;MSTC*;4;1520,5796535250547;0,23183711244794078
30;40;TMSTC*;4;1508,2533909576869;0,21934289680703378
30;40;MSTC*;2;2667,1525251347352;0,0948634891254049
30;40;TMSTC*;2;2654,8668108490206;0,0948634891254049
30;40;MSTC*;4;1593,99062025136;0,27857473391948173
30;40;TMSTC*;4;1571,2343432171688;0,2693197593706617
30;40;MSTC*;2;2751,137806508974;0,12494215640906987
30;40;TMSTC*;2;2674,595093669943;0,1050439611291069
30;40;MSTC*;4;1557,0258296558923;0,2609902822767237
30;40;TMSTC*;4;1528,7225106679118;0,24988431281813975
30;40;MSTC*;2;2696,9963924043695;0,1008792225821379
30;40;TMSTC*;2;2685,3248195291158;0,10411846367422489
30;40;MSTC*;4;1612,69668101202;0,3040259139287367
30;40;TMSTC*;4;1580,7519479194345;0,28736695974086074
30;40;MSTC*;2;2591,7246752252895;0,06432207311429894
30;40;TMSTC*;2;2558,667965279623;0,05784359093012494
30;40;MSTC*;4;1415,025829655892;0,14946783896344285
30;40;TMSTC*;4;1402,2121211569074;0,15085608514576584
30;40;MSTC*;2;2697,3233764908637;0,1022674687644609
30;40;TMSTC*;2;2629,1812408671326;0,08422026839426192
30;40;MSTC*;4;1596,9044730541702;0,27857473391948173
30;40;TMSTC*;4;1608,5613273036627;0,2882924571957427
30;40;MSTC*;2;2619,4536795653376;0,07311429893567793
30;40;TMSTC*;2;2613,0818180824335;0,08236927348449792
30;40;MSTC*;4;1548,0243866176402;0,24664507172605277
30;40;TMSTC*;4;1531,380807955657;0,24757056918093476
30;40;MSTC*;2;2699,1238094023392;0,1018047200370199
30;40;TMSTC*;2;2688,352092223259;0,1036557149467839
30;40;MSTC*;4;1491,4066376115488;0,2022211938917168
30;40;TMSTC*;4;1492,9633475572161;0,20684868116612679
30;40;MSTC*;2;2680,424963832941;0,1013419713095789
30;40;TMSTC*;2;2680,238672331926;0,10689495603887089
30;40;MSTC*;4;1493,4360748630716;0,2156409069875058
30;40;TMSTC*;4;1511,7519479194345;0,23600185099490975
30;40;MSTC*;2;2704,5376622051494;0,1031929662193429
30;40;TMSTC*;2;2675,709956599528;0,10273021749190189
30;40;MSTC*;4;1517,6694083178757;0,23415085608514577
30;40;TMSTC*;4;1510,7070705230244;0,23415085608514577
30;40;MSTC*;2;2623,9816737786077;0,07866728366496992
30;40;TMSTC*;2;2592,582539601559;0,06894956038870893
30;40;MSTC*;4;1550,891918985787;0,25497454881999077
30;40;TMSTC*;4;1533,2681095834482;0,24433132808884775
30;40;MSTC*;2;2702,894805062292;0,10735770476631189
30;40;TMSTC*;2;2659,8660893298957;0,0976399814900509
30;40;MSTC*;4;1519,9619045189634;0,23553910226746877
30;40;TMSTC*;4;1530,1474745008525;0,23970384081443777
30;40;MSTC*;2;2735,0516593117836;0,12124016658954188
30;40;TMSTC*;2;2625,553102350036;0,08422026839426192
30;40;MSTC*;4;1583,6761902332491;0,28135122628412773
30;40;TMSTC*;4;1566,9913417704863;0,2804257288292457
30;40;MSTC*;2;2589,15180361561;0,06524757056918093
30;40;TMSTC*;2;2581,681962386259;0,06987505784359092
30;40;MSTC*;4;1507,675468714123;0,22073114298935678
30;40;TMSTC*;4;1500,5936506316903;0,22628412771864878
30;40;MSTC*;2;2606,125252440591;0,06894956038870893
30;40;TMSTC*;2;2644,1672437604966;0,08884775566867191
30;40;MSTC*;4;1613,9493504505806;0,2919944470152707
30;40;TMSTC*;4;1624,6202018067083;0,3026376677464137
30;40;MSTC*;2;2601,296825315845;0,06617306802406293
30;40;TMSTC*;2;2602,1819623862584;0,07589079130032392
30;40;MSTC*;4;1502,0376622051494;0,2073114298935678
30;40;TMSTC*;4;1507,251226400309;0,22443313280888477
30;40;MSTC*;2;2704,566377937545;0,1064322073114299
30;40;TMSTC*;2;2657,4949493661175;0,09717723276260991
30;40;MSTC*;4;1553,7497833620566;0,25173530772790376
30;40;TMSTC*;4;1537,5354976477709;0,24803331790837574
30;40;MSTC*;2;2865,9206347181844;0,16797778806108282
30;40;TMSTC*;2;2870,263058949565;0,17306802406293384
30;40;MSTC*;4;1721,2314571406641;0,3840814437760296
30;40;TMSTC*;4;1747,2020198891414;0,4039796390559926
30;40;MSTC*;2;2622,0965367081944;0,07727903748264692
30;40;TMSTC*;2;2606,153968172988;0,07774178621008793
30;40;MSTC*;4;1579,9935063278651;0,2744099953725127
30;40;TMSTC*;4;1578,3653678107694;0,27857473391948173
30;40;MSTC*;2;2757,5789320059284;0,12309116149930588
30;40;TMSTC*;2;2775,278499094452;0,13651087459509487
30;40;MSTC*;4;1654,2440112090474;0,2961591855622397
30;40;TMSTC*;4;1665,7379508127995;0,33919481721425265
30;40;MSTC*;2;2885,162914645741;0,17399352151781583
30;40;TMSTC*;2;2878,891918985788;0,17491901897269782
30;40;MSTC*;4;1639,740836889304;0,32577510411846367
30;40;TMSTC*;4;1701,604761661821;0,3799167052290606
30;40;MSTC*;2;2607,740115370178;0,07265155020823692
30;40;TMSTC*;2;2606,7253967444162;0,07820453493752892
30;40;MSTC*;4;1523,1966810120196;0,23276260990282277
30;40;TMSTC*;4;1491,5089464727523;0,22165664044423877
30;40;MSTC*;2;2658,2106781186544;0,08745950948634891
30;40;TMSTC*;2;2663,209956599528;0,0906987505784359
30;40;MSTC*;4;1505,2645019878175;0,2100879222582138
30;40;TMSTC*;4;1513,9647905954682;0,22489588153632578
30;40;MSTC*;2;2582,4389609395753;0,06062008329477094
30;40;TMSTC*;2;2637,880807955657;0,08607126330402591
30;40;MSTC*;4;1510,2637804686917;0,22211938917167978
30;40;TMSTC*;4;1511,4676766719724;0,22813512262841276
30;40;MSTC*;2;2583,7548339959394;0,06154558074965294
30;40;TMSTC*;2;2579,5405482816536;0,06339657565941693
30;40;MSTC*;4;1439,2968253158454;0,17167977788061084
30;40;TMSTC*;4;1391,8689754063994;0,14298935677926886
30;40;MSTC*;2;2614,78282820921;0,07080055529847293
30;40;TMSTC*;2;2582,2113996377816;0,06524757056918093
30;40;MSTC*;4;1454,6238094023388;0,18047200370198982
30;40;TMSTC*;4;1439,139971066353;0,17399352151781583
30;40;MSTC*;2;2577,453679565337;0,06062008329477094
30;40;TMSTC*;2;2546,167965279623;0,054141601110596946
30;40;MSTC*;4;1456,2519479194343;0,18093475242943083
30;40;TMSTC*;4;1482,451515007959;0,2100879222582138
30;40;MSTC*;2;2585,0538238691624;0,06247107820453494
30;40;TMSTC*;2;2603,9382394204495;0,07774178621008793
30;40;MSTC*;4;1509,9249638329406;0,2184173993521518
30;40;TMSTC*;4;1518,9619045189634;0,23600185099490975
30;40;MSTC*;2;2712,3101009033535;0,11291068949560389
30;40;TMSTC*;2;2687,1525251347352;0,1045812124016659
30;40;MSTC*;4;1593,139971066353;0,2966219342896807
30;40;TMSTC*;4;1690,6496390582308;0,2827394724664507
30;40;MSTC*;2;2666,279942132705;0,09116149930587691
30;40;TMSTC*;2;2685,5516593117836;0,1045812124016659
30;40;MSTC*;4;1493,8779218791517;0,2031466913465988
30;40;TMSTC*;4;1460,0215005411349;0,17815826006478483
30;40;MSTC*;2;2732,9382394204504;0,11476168440536788
30;40;TMSTC*;2;2719,1238094023383;0,11753817677001388
30;40;MSTC*;4;1706,1076477383256;0,37297547431744565
30;40;TMSTC*;4;1697,576045929424;0,3739009717723276
30;40;MSTC*;2;2494,3129869798586;0,026839426191577972
30;40;TMSTC*;2;2528,5405482816536;0,045812124016658955
30;40;MSTC*;4;1483,7813851709577;0,1948172142526608
30;40;TMSTC*;4;1538,864646291643;0,2211938917167978
30;40;MSTC*;2;2607,4676766719726;0,07126330402591392
30;40;TMSTC*;2;2614,3101009033535;0,07774178621008793
30;40;MSTC*;4;1509,4213562373102;0,21934289680703378
30;40;TMSTC*;4;1495,2393938510518;0,2128644146228598
30;40;MSTC*;2;2658,2519479194343;0,08884775566867191
30;40;TMSTC*;2;2651,9809522594815;0,08607126330402591
30;40;MSTC*;4;1701,4324672674406;0,27348449791763074
30;40;TMSTC*;4;1702,8610386960122;0,27348449791763074
30;40;MSTC*;2;2643,3093793842277;0,08190652475705691
30;40;TMSTC*;2;2664,2806636518308;0,1008792225821379
30;40;MSTC*;4;1510,3506491850073;0,2225821378991208
30;40;TMSTC*;4;1538,5620488227887;0,24525682554372977
30;40;MSTC*;2;2711,036940686023;0,10967144840351689
30;40;TMSTC*;2;2717,9942278469903;0,11892642295233688
30;40;MSTC*;4;1742,94574285495;0,27626099028227674
30;40;TMSTC*;4;1746,6180372493297;0,27626099028227674
30;40;MSTC*;2;2695,9522365270855;0,10689495603887089
30;40;TMSTC*;2;2699,9949493661165;0,11383618695048589
30;40;MSTC*;4;1601,608369257451;0,3007866728366497
30;40;TMSTC*;4;1597,5207790220093;0,2966219342896807
30;40;MSTC*;2;2691,2666665451957;0,10550670985654789
30;40;TMSTC*;2;2682,1525251347352;0,10689495603887089
30;40;MSTC*;4;1631,0753244102978;0,3151318833873207
30;40;TMSTC*;4;1622,2329001789165;0,3123553910226747
30;40;MSTC*;2;2669,653246653862;0,09116149930587691
30;40;TMSTC*;2;2653,2821066900838;0,09254974548819991
30;40;MSTC*;4;1635,9507934888334;0,3100416473854697
30;40;TMSTC*;4;1599,0487732352794;0,2998611753817677
30;40;MSTC*;2;2678,9522365270855;0,0953262378528459
30;40;TMSTC*;2;2665,2519479194343;0,0953262378528459
30;40;MSTC*;4;1513,3219334526107;0,21101341971309578
30;40;TMSTC*;4;1484,8115439416063;0,2114761684405368
30;40;MSTC*;2;2674,567099456672;0,0976399814900509
30;40;TMSTC*;2;2663,6812408671326;0,09717723276260991
30;40;MSTC*;4;1591,3219334526107;0,2906062008329477
30;40;TMSTC*;4;1598,5914860743114;0,2938454419250347
30;40;MSTC*;2;2639,609812295704;0,08514576584914392
30;40;TMSTC*;2;2598,525108136766;0,07403979639055992
30;40;MSTC*;4;1531,4913417704863;0,23229986117538176
30;40;TMSTC*;4;1500,880086436531;0,21934289680703378
30;40;MSTC*;2;2648,0670994566713;0,08560851457658492
30;40;TMSTC*;2;2618,0818180824326;0,07913003239241093
30;40;MSTC*;4;1548,8352090401197;0,25034706154558073
30;40;TMSTC*;4;1538,9640690763417;0,25080981027302174
30;40;MSTC*;2;2703,3793649174036;0,1018047200370199
30;40;TMSTC*;2;2711,893362024039;0,10874595094863489
30;40;MSTC*;4;1592,3668108490215;0,2781119851920407
30;40;TMSTC*;4;1588,5885999978068;0,2697825080981027
30;40;MSTC*;2;2639,7666665451966;0,08005552984729292
30;40;TMSTC*;2;2612,109812295704;0,07635354002776493
30;40;MSTC*;4;1481,3675323681477;0,19435446552521982
30;40;TMSTC*;4;1483,4059160924223;0,2049976862563628
30;40;MSTC*;2;2752,09365063169;0,12447940768162888
30;40;TMSTC*;2;2763,5789320059284;0,13651087459509487
30;40;MSTC*;4;1579,5103895110044;0,2716335030078667
30;40;TMSTC*;4;1560,0222220602618;0,26191577973160574
30;40;MSTC*;2;2691,6805193480063;0,0967144840351689
30;40;TMSTC*;2;2605,281385170958;0,07496529384544193
30;40;MSTC*;4;1527,0642133801673;0,22813512262841276
30;40;TMSTC*;4;1464,466955152846;0,1925034706154558
30;40;MSTC*;2;2629,295382277592;0,08005552984729292
30;40;TMSTC*;2;2637,423520794689;0,0879222582137899
30;40;MSTC*;4;1600,0746028911717;0,2799629801018047
30;40;TMSTC*;4;1622,5171714263786;0,3068024062933827
30;40;MSTC*;2;2612,4102452071793;0,07126330402591392
30;40;TMSTC*;2;2589,7821066900833;0,06894956038870893
30;40;MSTC*;4;1455,266666545196;0,16844053678852383
30;40;TMSTC*;4;1438,67979782888;0,15964831096714485
30;40;MSTC*;2;2769,80721482685;0,12771864877371586
30;40;TMSTC*;2;2772,564213380168;0,13512262841277187
30;40;MSTC*;4;1524,5656564184196;0,22998611753817677
30;40;TMSTC*;4;1527,0369406860232;0,23553910226746877
30;40;MSTC*;2;2851,693073416389;0,16566404442387783
30;40;TMSTC*;2;2837,4640690763426;0,16751503933364184
30;40;MSTC*;4;1605,1776332715012;0,2943081906524757
30;40;TMSTC*;4;1667,6614716074878;0,34659879685330863
30;40;MSTC*;2;2635,82409800999;0,07635354002776493
30;40;TMSTC*;2;2673,737229293674;0,0967144840351689
30;40;MSTC*;4;1429,8219334526111;0,14761684405367886
30;40;TMSTC*;4;1485,4066376115488;0,18741323461360482
30;40;MSTC*;2;2703,1223663640862;0,1022674687644609
30;40;TMSTC*;2;2682,0082249536254;0,09717723276260991
30;40;MSTC*;4;1659,0613273036624;0,3216103655714947
30;40;TMSTC*;4;1639,1481960199783;0,30356316520129567
30;40;MSTC*;2;2716,238672331926;0,11476168440536788
30;40;TMSTC*;2;2699,52438661764;0,11476168440536788
30;40;MSTC*;4;1581,0943721508163;0,2850532161036557
30;40;TMSTC*;4;1585,0383837242748;0,2887552059231837
30;40;MSTC*;2;2484,5265511750185;0,020823692734844978
30;40;TMSTC*;2;2514,497835442621;0,03979639055992596
30;40;MSTC*;4;1471,8815294747824;0,17677001388246183
30;40;TMSTC*;4;1473,3388166357504;0,1897269782508098
30;40;MSTC*;2;2521,226839782669;0,03563165201295696
30;40;TMSTC*;2;2502,455844122716;0,03285515964831097
30;40;MSTC*;4;1443,2113996377814;0,17075428042572882
30;40;TMSTC*;4;1401,3815294747828;0,14437760296159186
30;40;MSTC*;2;2480,1274169979697;0,020823692734844978
30;40;TMSTC*;2;2505,2975468349714;0,03424340583063397
30;40;MSTC*;4;1425,1812408671321;0,15640906987505784
30;40;TMSTC*;4;1434,4809522594817;0,14298935677926886
30;40;MSTC*;2;2603,7401153701776;0,07172605275335493
30;40;TMSTC*;2;2608,3822509939087;0,07913003239241093
30;40;MSTC*;4;1556,6356419515955;0,26839426191577975
30;40;TMSTC*;4;1543,0782104868022;0,2526608051827858
30;40;MSTC*;2;2809,3940835431663;0,15131883387320685
30;40;TMSTC*;2;2855,1923518972626;0,16705229060620083
30;40;MSTC*;4;1758,9906202513607;0,4234150856085146
30;40;TMSTC*;4;1739,3014426738407;0,3965756594169366
30;40;MSTC*;2;2803,9507934888334;0,14946783896344285
30;40;TMSTC*;2;2775,6650792031182;0,14854234150856085
30;40;MSTC*;4;1765,375757321774;0,4261915779731606
30;40;TMSTC*;4;1783,0024528006172;0,34521055067098566
30;40;MSTC*;2;2557,055266907415;0,048588616381304954
30;40;TMSTC*;2;2557,9838383359865;0,05229060620083295
30;40;MSTC*;4;1506,9522365270848;0,21934289680703378
30;40;TMSTC*;4;1487,3520922232601;0,2091624248033318
30;40;MSTC*;2;2568,5972582273203;0,055529847292919945
30;40;TMSTC*;2;2526,2975468349714;0,04766311892642295
30;40;MSTC*;4;1410,8380951166241;0,14761684405367886
30;40;TMSTC*;4;1422,679076309754;0,15270708005552985
30;40;MSTC*;2;2646,5383837242753;0,08236927348449792
30;40;TMSTC*;2;2649,1805193480054;0,08514576584914392
30;40;MSTC*;4;1480,7519479194348;0,19574271170754282
30;40;TMSTC*;4;1484,6230878832132;0,18602498843128182
30;40;MSTC*;2;2630,796825315845;0,08375751966682092
30;40;TMSTC*;2;2636,839538154877;0,09116149930587691
30;40;MSTC*;4;1537,9073591306746;0,24016658954187875
30;40;TMSTC*;4;1508,1650792031187;0,22350763535400278
30;40;MSTC*;2;2756,466233633721;0,12818139750115687
30;40;TMSTC*;2;2703,637806508975;0,11152244331328089
30;40;MSTC*;4;1542,1930734163886;0,25219805645534477
30;40;TMSTC*;4;1564,6356419515955;0,2725590004627487
30;40;MSTC*;2;2673,3955265814184;0,0962517353077279
30;40;TMSTC*;2;2648,267388064322;0,09440074039796391
30;40;MSTC*;4;1563,9375179013234;0,26284127718648775
30;40;TMSTC*;4;1602,2343432171688;0,27857473391948173
30;40;MSTC*;2;2763,792496201089;0,12540490513651087
30;40;TMSTC*;2;2815,4766231447256;0,15270708005552985
30;40;MSTC*;4;1689,9913417704868;0,34798704303563166
30;40;TMSTC*;4;1670,959018442459;0,34104581212401663
30;40;MSTC*;2;2636,0383837242753;0,07866728366496992
30;40;TMSTC*;2;2585,567820975798;0,06339657565941693
30;40;MSTC*;4;1511,391918985787;0,2156409069875058
30;40;TMSTC*;4;1484,5649348992931;0,2022211938917168
30;40;MSTC*;2;2603,596536708195;0,06756131420638593
30;40;TMSTC*;2;2553,0538238691624;0,05506709856547894
30;40;MSTC*;4;1516,0494947544055;0,22073114298935678
30;40;TMSTC*;4;1482,0950936699426;0,20684868116612679
30;40;MSTC*;2;2589,6112553339563;0,062008329477093935
30;40;TMSTC*;2;2602,0538238691624;0,07126330402591392
30;40;MSTC*;4;1534,637084989848;0,24016658954187875
30;40;TMSTC*;4;1532,9220777564362;0,23785284590467376
30;40;MSTC*;2;2819,965512114594;0,15502082369273484
30;40;TMSTC*;2;2771,7666665451966;0,14160111059694586
30;40;MSTC*;4;1667,5089464727525;0,33873206848681164
30;40;TMSTC*;4;1622,0053388771214;0,3086534012031467
30;40;MSTC*;2;2582,2106781186553;0,062008329477093935
30;40;TMSTC*;2;2542,8689754064;0,05460434983803795
30;40;MSTC*;4;1451,2953822775928;0,17815826006478483
30;40;TMSTC*;4;1473,0950936699421;0,2008329477093938
30;40;MSTC*;2;2755,1230878832125;0,12818139750115687
30;40;TMSTC*;2;2742,7659450260703;0,12679315131883387
30;40;MSTC*;4;1574,5753244102978;0,26191577973160574
30;40;TMSTC*;4;1551,0950936699423;0,2554372975474317
30;40;MSTC*;2;2579,9536795653376;0,06154558074965294
30;40;TMSTC*;2;2620,781385170957;0,08190652475705691
30;40;MSTC*;4;1573,109090776578;0,2693197593706617
30;40;TMSTC*;4;1554,0663779375452;0,26006478482184175
30;40;MSTC*;2;2675,2666665451966;0,09856547894493291
30;40;TMSTC*;2;2701,9515150079596;0,11337343822304488
30;40;MSTC*;4;1632,221789148786;0,3183711244794077
30;40;TMSTC*;4;1656,9640690763424;0,34197130957889865
30;40;MSTC*;2;2670,6959594928935;0,09254974548819991
30;40;TMSTC*;2;2619,025108136766;0,08329477093937991
30;40;MSTC*;4;1539,892640504913;0,2582137899120777
30;40;TMSTC*;4;1545,6923518972626;0,2642295233688107
30;40;MSTC*;2;2592,938960939576;0,06339657565941693
30;40;TMSTC*;2;2534,168686798749;0,045812124016658955
30;40;MSTC*;4;1538,3948050622923;0,23368810735770476
30;40;TMSTC*;4;1528,4353533439448;0,23877834335955575
30;40;MSTC*;2;2600,667965279623;0,06154558074965294
30;40;TMSTC*;2;2623,5810965633063;0,07311429893567793
30;40;MSTC*;4;1473,5972582273205;0,1841739935215178
30;40;TMSTC*;4;1458,3682538872733;0,17815826006478483
30;40;MSTC*;2;2747,0516593117845;0,11846367422489588
30;40;TMSTC*;2;2723,966233633721;0,11522443313280889
30;40;MSTC*;4;1644,2932177202147;0,3109671448403517
30;40;TMSTC*;4;1617,7232321870385;0,2993984266543267
30;40;MSTC*;2;2699,5376622051485;0,10596945858398889
30;40;TMSTC*;2;2646,023665098514;0,09254974548819991
30;40;MSTC*;4;1613,9597399615852;0,2832022211938917
30;40;TMSTC*;4;1603,674025675871;0,29523368810735773
30;50;MSTC*;2;2184,2541124768127;0,084952803997779
30;50;TMSTC*;2;2177,9683981910985;0,08772903942254304
30;50;MSTC*;4;1265,5398267625271;0,23653525818989452
30;50;TMSTC*;4;1263,6112553339558;0,23764575235980012
30;50;MSTC*;2;2272,7806636518317;0,1243753470294281
30;50;TMSTC*;2;2275,566377937546;0,1254858411993337
30;50;MSTC*;4;1484,2468972855515;0,4280955024986119
30;50;TMSTC*;4;1524,2770560562005;0,38589672404219877
30;40;MSTC*;2;2650,2106781186544;0,08283202221193892
30;40;TMSTC*;2;2653,966955152846;0,09301249421564091
30;40;MSTC*;4;1433,937517901324;0,16473854696899584
30;40;TMSTC*;4;1428,1783547906273;0,15733456732993983
30;50;MSTC*;2;2161,354256780638;0,07051637978900611
30;50;TMSTC*;2;2144,7401153701776;0,06496390893947807
30;50;MSTC*;4;1322,7932177202142;0,2870627429205997
30;50;TMSTC*;4;1319,321933452611;0,28317601332593006
30;40;MSTC*;2;2667,495670885243;0,09717723276260991
30;40;TMSTC*;2;2667,781385170957;0,09856547894493291
30;40;MSTC*;4;1503,7939392393405;0,22165664044423877
30;40;TMSTC*;4;1509,5103895110044;0,23461360481258678
30;50;MSTC*;2;2260,0383837242744;0,1121599111604664
30;50;TMSTC*;2;2262,8955265814175;0,11826762909494726
30;50;MSTC*;4;1414,9493504505804;0,3581343697945586
30;50;TMSTC*;4;1427,1467529817264;0,3720155469183787
30;50;MSTC*;2;2178,268831102574;0,08051082731815658
30;50;TMSTC*;2;2182,068542494924;0,08550805108273181
30;50;MSTC*;4;1322,9795092212294;0,2848417545807885
30;50;TMSTC*;4;1305,4095236880532;0,280399777901166
30;40;MSTC*;2;2858,9493504505813;0,16335030078667284
30;40;TMSTC*;2;2789,9640690763426;0,14113836186950485
30;40;MSTC*;4;1647,8395381548771;0,3262378528459047
30;40;TMSTC*;4;1718,7792206135794;0,3813049514113836
30;50;MSTC*;2;2224,438960939576;0,09272626318711827
30;50;TMSTC*;2;2218,010389511005;0,09272626318711827
30;50;MSTC*;4;1371,5922075934375;0,32481954469739033
30;50;TMSTC*;4;1371,7350647362946;0,32648528595224874
30;50;MSTC*;2;2236,3248195291153;0,10827318156579678
30;50;TMSTC*;2;2237,0391052434006;0,10882842865074958
30;50;MSTC*;4;1489,2203461105337;0,35258189894503056
30;50;TMSTC*;4;1397,9493504505808;0,3470294280955025
30;50;MSTC*;2;2285,2239537061646;0,12326485285952249
30;50;TMSTC*;2;2288,7239537061646;0,12770682953914492
30;50;MSTC*;4;1443,5222220602618;0,38478622987229316
30;50;TMSTC*;4;1436,4655121145945;0,38256524153248195
30;50;MSTC*;2;2234,838095116625;0,0977234869516935
30;50;TMSTC*;2;2230,9809522594824;0,0977234869516935
30;50;MSTC*;4;1401,8183258569802;0,3475846751804553
30;50;TMSTC*;4;1401,7217891487862;0,3475846751804553
30;50;MSTC*;2;2312,7659450260703;0,13492504164353136
30;50;TMSTC*;2;2311,7659450260703;0,1393670183231538
30;50;MSTC*;4;1473,5186144646307;0,4119933370349806
30;50;TMSTC*;4;1471,8021641929668;0,413659078289839
30;50;MSTC*;2;2250,010389511005;0,110494169905608
30;50;TMSTC*;2;2259,8815294747824;0,11715713492504164
30;50;MSTC*;4;1299,3940835431656;0,2626318711826763
30;50;TMSTC*;4;1301,994227846991;0,2692948362021099
30;50;MSTC*;2;2394,807936345976;0,17046085508051081
30;50;TMSTC*;2;2365,8513707041343;0,16157690172126596
30;50;MSTC*;4;1312,0383837242755;0,2692948362021099
30;50;TMSTC*;4;1341,9906202513603;0,27484730705163796
30;50;MSTC*;2;2279,9956708852437;0,1265963353692393
30;50;TMSTC*;2;2258,1525251347357;0,12270960577456969
30;50;MSTC*;4;1416,07676744855;0,36424208772903943
30;50;TMSTC*;4;1406,8197688952323;0,35424764019988897
30;50;MSTC*;2;2336,523665098514;0,15546918378678512
30;50;TMSTC*;2;2325,738672331925;0,14991671293725709
30;50;MSTC*;4;1468,3240980099895;0,4269850083287063
30;50;TMSTC*;4;1469,8668108490215;0,43531371460299834
30;50;MSTC*;2;2431,9507934888334;0,18933925596890616
30;50;TMSTC*;2;2410,1937949355156;0,18600777345918934
30;50;MSTC*;4;1454,9751801064726;0,390893947806774
30;50;TMSTC*;4;1454,8463200702508;0,38478622987229316
30;50;MSTC*;2;2268,4816737786077;0,1260410882842865
30;50;TMSTC*;2;2231,0398267625274;0,10993892282065519
30;50;MSTC*;4;1386,0782104868024;0,34980566352026654
30;50;TMSTC*;4;1363,92135623731;0,32593003886729593
30;50;MSTC*;2;2201,695959492893;0,08772903942254304
30;50;TMSTC*;2;2207,1245309214646;0,09217101610216547
30;50;MSTC*;4;1414,16291464574;0,2887284841754581
30;50;TMSTC*;4;1371,6797978288796;0,32593003886729593
30;50;MSTC*;2;2207,0818180824326;0,08995002776235425
30;50;TMSTC*;2;2221,7961037967184;0,09883398112159911
30;50;MSTC*;4;1454,947907412328;0,3164908384230983
30;50;TMSTC*;4;1418,6194802875818;0,3725707940033315
30;50;MSTC*;2;2243,1672437604966;0,10660744031093837
30;50;TMSTC*;2;2248,1812408671317;0,1110494169905608
30;50;MSTC*;4;1422,6629146457399;0,3731260410882843
30;50;TMSTC*;4;1380,6636361648661;0,3453636868406441
30;50;MSTC*;2;2239,6672437604975;0,10383120488617435
30;50;TMSTC*;2;2238,8955265814184;0,10605219322598557
30;50;MSTC*;4;1374,6341989133432;0,3187118267629095
30;50;TMSTC*;4;1343,109090776578;0,3076068850638534
30;50;MSTC*;2;2244,55238083091;0,0982787340366463
30;50;TMSTC*;2;2244,5376622051485;0,0977234869516935
30;50;MSTC*;4;1372,4199131990576;0,31204886174347585
30;50;TMSTC*;4;1371,2099565995288;0,3181565796779567
30;50;MSTC*;2;2289,838095116625;0,13270405330372015
30;50;TMSTC*;2;2293,7239537061646;0,13659078289838977
30;50;MSTC*;4;1469,07676744855;0,42476401998889507
30;50;TMSTC*;4;1447,6769117523754;0,4053303720155469
30;50;MSTC*;2;2263,4242423138144;0,12048861743475847
30;50;TMSTC*;2;2280,7099565995286;0,12770682953914492
30;50;MSTC*;4;1422,6937949355151;0,2853970016657413
30;50;TMSTC*;4;1331,464790595468;0,29983342587451417
30;50;MSTC*;2;2373,0376622051494;0,1676846196557468
30;50;TMSTC*;2;2379,109090776578;0,17212659633536925
30;50;MSTC*;4;1499,5509377926583;0,45141588006662964
30;50;TMSTC*;4;1495,2792206135794;0,444752915047196
30;50;MSTC*;2;2413,108369257451;0,18711826762909495
30;50;TMSTC*;2;2399,508224953626;0,18267629094947252
30;50;MSTC*;4;1578,001731281491;0,5174902831760133
30;50;TMSTC*;4;1551,316161299602;0,49194891726818435
30;50;MSTC*;2;2075,4992784808737;0,028317601332593003
30;50;TMSTC*;2;2067,7849927665884;0,028317601332593003
30;50;MSTC*;4;1253,981673778608;0,2226540810660744
30;50;TMSTC*;4;1251,4809522594815;0,2232093281510272
30;50;MSTC*;2;2297,467676671973;0,13214880621876735
30;50;TMSTC*;2;2293,367532368147;0,13159355913381454
30;50;MSTC*;4;1449,649639058231;0,39644641865630204
30;50;TMSTC*;4;1437,9500719697066;0,3875624652970572
30;50;MSTC*;2;2247,9823952977345;0,10938367573570239
30;50;TMSTC*;2;2244,839538154877;0,10993892282065519
30;50;MSTC*;4;1395,2637804686913;0,3081621321488062
30;50;TMSTC*;4;1392,435353343945;0,30982787340366463
30;50;MSTC*;2;2312,338095116625;0,14158800666296503
30;50;TMSTC*;2;2310,6952379737677;0,14547473625763466
30;50;MSTC*;4;1358,6356419515957;0,3209328151027207
30;50;TMSTC*;4;1346,2681095834482;0,2915047196002221
30;50;MSTC*;2;2291,0810965633063;0,13381454747362576
30;50;TMSTC*;2;2294,8093793842277;0,13659078289838977
30;50;MSTC*;4;1516,7910531628356;0,4652970571904497
30;50;TMSTC*;4;1526,9766231447247;0,4830649639089395
30;50;MSTC*;2;2305,109090776577;0,13270405330372015
30;50;TMSTC*;2;2307,5516593117836;0,13714602998334258
30;50;MSTC*;4;1300,7196245914072;0,25707940033314824
30;50;TMSTC*;4;1297,1826839053847;0,2642976124375347
30;50;MSTC*;2;2303,6812408671326;0,13325930038867295
30;50;TMSTC*;2;2307,295382277593;0,13659078289838977
30;50;MSTC*;4;1311,9647905954682;0,27096057745696833
30;50;TMSTC*;4;1296,607647738325;0,2620766240977235
30;50;MSTC*;2;2362,993506327865;0,17157134925041642
30;50;TMSTC*;2;2361,7077920421507;0,17157134925041642
30;50;MSTC*;4;1284,2666665451961;0,2642976124375347
30;50;TMSTC*;4;1295,7379508128;0,2692948362021099
30;50;MSTC*;2;2207,453679565337;0,08772903942254304
30;50;TMSTC*;2;2197,2968253158447;0,08550805108273181
30;50;MSTC*;4;1434,4331887865667;0,3214880621876735
30;50;TMSTC*;4;1402,0907645551854;0,35424764019988897
30;50;MSTC*;2;2327,652525134736;0,1532481954469739
30;50;TMSTC*;2;2331,152525134736;0,15713492504164353
30;50;MSTC*;4;1371,6245309214653;0,3375902276513048
30;50;TMSTC*;4;1376,494949366117;0,35313714602998336
30;50;MSTC*;2;2288,4823952977345;0,13048306496390893
30;50;TMSTC*;2;2281,9823952977345;0,13159355913381454
30;50;MSTC*;4;1513,7652235069436;0,34203220433092724
30;50;TMSTC*;4;1443,4816737786077;0,40699611327040536
30;50;MSTC*;2;2116,54126980078;0,051637978900610775
30;50;TMSTC*;2;2119,8556998188906;0,05441421432537479
30;50;MSTC*;4;1236,4823952977338;0,20099944475291504
30;50;TMSTC*;4;1243,8395381548767;0,21099389228206553
30;50;MSTC*;2;2368,009667991879;0,17379233759022766
30;50;TMSTC*;2;2349,609812295704;0,1682398667406996
30;50;MSTC*;4;1476,5354976477706;0,3731260410882843
30;50;TMSTC*;4;1469,735786255421;0,3792337590227651
30;50;MSTC*;2;2249,095093669942;0,10438645197112716
30;50;TMSTC*;2;2241,380807955656;0,10438645197112716
30;50;MSTC*;4;1283,0229435793876;0,2498611882287618
30;50;TMSTC*;4;1307,1643576839924;0,27096057745696833
30;50;MSTC*;2;2055,1134198913346;0,020544142143253747
30;50;TMSTC*;2;2053,399134177049;0,02387562465297057
30;50;MSTC*;4;1260,4102452071793;0,22876179900055524
30;50;TMSTC*;4;1274,9088021689265;0,24375347029428096
30;50;MSTC*;2;2324,708513561276;0,1404775124930594
30;50;TMSTC*;2;2338,3653678107685;0,14880621876735148
30;50;MSTC*;4;1452,6733041567445;0,38312048861743475
30;50;TMSTC*;4;1438,630591317713;0,3759022765130483
30;50;MSTC*;2;2488,5789320059293;0,2248750694058856
30;50;TMSTC*;2;2501,7357862554218;0,23320377568017767
30;50;MSTC*;4;1648,4619045189636;0,42087729039422545
30;50;TMSTC*;4;1652,0760459294243;0,4258745141588007
30;50;MSTC*;2;2418,751947919435;0,18656302054414214
30;50;TMSTC*;2;2422,5089464727525;0,19211549139367018
30;50;MSTC*;4;1298,2932177202144;0,2648528595224875
30;50;TMSTC*;4;1306,8402596740032;0,2698500832870627
30;50;MSTC*;2;2153,0118325492567;0,06107717934480844
30;50;TMSTC*;2;2175,939682458702;0,07107162687395892
30;50;MSTC*;4;1318,4802307403556;0,2220988339811216
30;50;TMSTC*;4;1344,3940835431656;0,2226540810660744
30;50;MSTC*;2;2097,9985569617475;0,03387007218212104
30;50;TMSTC*;2;2163,240836889304;0,0699611327040533
30;50;MSTC*;4;1206,1974025311456;0,17379233759022766
30;50;TMSTC*;4;1241,2821066900835;0,21099389228206553
30;50;MSTC*;2;2269,481673778608;0,12104386451971128
30;50;TMSTC*;2;2257,1245309214655;0,11882287617990006
30;50;MSTC*;4;1292,8086578651018;0,2531926707384786
30;50;TMSTC*;4;1350,1937949355154;0,31538034425319267
30;50;MSTC*;2;2375,522943579388;0,1676846196557468
30;50;TMSTC*;2;2344,4088021689277;0,15546918378678512
30;50;MSTC*;4;1506,6453099434743;0,4453081621321488
30;50;TMSTC*;4;1496,188022782506;0,4425319267073848
30;50;MSTC*;2;2287,6672437604966;0,12992781787895613
30;50;TMSTC*;2;2281,238672331925;0,12992781787895613
30;50;MSTC*;4;1345,8499276658813;0,303164908384231
30;50;TMSTC*;4;1347,3926405049133;0,3053858967240422
30;50;MSTC*;2;2251,92496383294;0,11660188784008883
30;50;TMSTC*;2;2247,953679565337;0,11604664075513603
30;50;MSTC*;4;1471,6916303781368;0,3947806774014436
30;50;TMSTC*;4;1434,1363634707218;0,393670183231538
30;50;MSTC*;2;2313,7099565995286;0,1404775124930594
30;50;TMSTC*;2;2298,9102452071793;0,13770127706829538
30;50;MSTC*;4;1391,5523808309101;0,34813992226540813
30;50;TMSTC*;4;1388,2070705230244;0,3631315935591338
30;50;MSTC*;2;2543,4051945732963;0,24042198778456414
30;50;TMSTC*;2;2535,548051716153;0,23931149361465853
30;50;MSTC*;4;1615,1165942110777;0,5574680732926152
30;50;TMSTC*;4;1616,77344846057;0,5563575791227096
30;50;MSTC*;2;2228,7548339959394;0,10216546363131594
30;50;TMSTC*;2;2261,011111030131;0,11826762909494726
30;50;MSTC*;4;1308,9102452071795;0,27595780122154356
30;50;TMSTC*;4;1349,210678118655;0,2631871182676291
30;50;MSTC*;2;2152,0832611206856;0,06607440310938367
30;50;TMSTC*;2;2158,568542494924;0,06885063853414769
30;50;MSTC*;4;1228,3549782997645;0,1965574680732926
30;50;TMSTC*;4;1227,7121211569074;0,19044975013881177
30;50;MSTC*;2;2250,7239537061646;0,10771793448084398
30;50;TMSTC*;2;2240,9382394204504;0,10605219322598557
30;50;MSTC*;4;1277,0656564184194;0,24042198778456414
30;50;TMSTC*;4;1284,67979782888;0,23986674069961134
30;50;MSTC*;2;2273,0943721508165;0,11660188784008883
30;50;TMSTC*;2;2284,779942132706;0,12382009994447529
30;50;MSTC*;4;1363,5466086779013;0,30927262631871183
30;50;TMSTC*;4;1363,1607500883617;0,3187118267629095
30;50;MSTC*;2;2259,9367963821974;0,1110494169905608
30;50;TMSTC*;2;2235,4367963821974;0,10161021654636314
30;50;MSTC*;4;1326,5053388771214;0,28151027207107165
30;50;TMSTC*;4;1347,034054609518;0,3009439200444198
30;50;MSTC*;2;2271,1238094023383;0,12159911160466408
30;50;TMSTC*;2;2267,6525251347352;0,12159911160466408
30;50;MSTC*;4;1342,805771788597;0,29816768461965576
30;50;TMSTC*;4;1340,2343432171685;0,3070516379789006
30;50;MSTC*;2;2344,536940686023;0,1532481954469739
30;50;TMSTC*;2;2333,29393923934;0,14825097168239867
30;50;MSTC*;4;1490,8624817342647;0,43475846751804553
30;50;TMSTC*;4;1495,629869798587;0,4414214325374792
30;50;MSTC*;2;2283,281385170958;0,13159355913381454
30;50;TMSTC*;2;2298,5810965633063;0,1404775124930594
30;50;MSTC*;4;1375,24906184293;0,34369794558578565
30;50;TMSTC*;4;1370,2637804686917;0,3353692393114936
30;50;MSTC*;2;2332,466233633721;0,1504719600222099
30;50;TMSTC*;2;2336,7806636518308;0,15491393670183232
30;50;MSTC*;4;1458,7784990944526;0,27651304830649637
30;50;TMSTC*;4;1473,7210676296593;0,2853970016657413
30;50;MSTC*;2;2263,082539601559;0,11882287617990006
30;50;TMSTC*;2;2208,083261120685;0,0966129927817879
30;50;MSTC*;4;1421,7217891487855;0,3731260410882843
30;50;TMSTC*;4;1386,8079363459758;0,3448084397556913
30;50;MSTC*;2;2350,3660893298947;0,1532481954469739
30;50;TMSTC*;2;2347,7946607584663;0,1532481954469739
30;50;MSTC*;4;1437,2932177202144;0,3337034980566352
30;50;TMSTC*;4;1380,5810965633068;0,3392559689061632
30;50;MSTC*;2;2283,1805193480063;0,12270960577456969
30;50;TMSTC*;2;2291,7659450260694;0,1271515824541921
30;50;MSTC*;4;1327,5376622051492;0,2870627429205997
30;50;TMSTC*;4;1351,062770341915;0,2870627429205997
30;50;MSTC*;2;2291,8101009033544;0,12159911160466408
30;50;TMSTC*;2;2285,7673880643224;0,12382009994447529
30;50;MSTC*;4;1367,5678209757982;0,32481954469739033
30;50;TMSTC*;4;1468,735064736295;0,32537479178234313
30;50;MSTC*;2;2253,052380830911;0,10993892282065519
30;50;TMSTC*;2;2253,566377937546;0,1121599111604664
30;50;MSTC*;4;1296,1112553339563;0,25541365907828983
30;50;TMSTC*;4;1297,1069262191993;0,2642976124375347
30;50;MSTC*;2;2209,553102350036;0,08717379233759023
30;50;TMSTC*;2;2196,0243866176397;0,08550805108273181
30;50;MSTC*;4;1278,266666545196;0,2248750694058856
30;50;TMSTC*;4;1279,352813742386;0,22709605774569683
30;50;MSTC*;2;2243,709956599528;0,10438645197112716
30;50;TMSTC*;2;2227,4956708852437;0,10105496946141032
30;50;MSTC*;4;1378,8639247725164;0,334258745141588
30;50;TMSTC*;4;1349,779220613579;0,3070516379789006
30;50;MSTC*;2;2352,9515150079596;0,15824541921154914
30;50;TMSTC*;2;2357,1370849898485;0,15935591338145474
30;50;MSTC*;4;1595,4170271225532;0,5402554136590783
30;50;TMSTC*;4;1590,8176043378542;0,5408106607440311
30;50;MSTC*;2;2150,483838335986;0,06385341476957246
30;50;TMSTC*;2;2143,15541121124;0,06329816768461966
30;50;MSTC*;4;1258,6665222413708;0,21599111604664076
30;50;TMSTC*;4;1248,8808079556566;0,21265963353692394
30;50;MSTC*;2;2360,207070523025;0,15935591338145474
30;50;TMSTC*;2;2358,349927665882;0,15935591338145474
30;50;MSTC*;4;1491,2329001789165;0,413659078289839
30;50;TMSTC*;4;1486,3735927643952;0,4292059966685175
30;50;MSTC*;2;2237,8108224224807;0,09883398112159911
30;50;TMSTC*;2;2212,6539681729882;0,09439200444197668
30;50;MSTC*;4;1413,137084989848;0,2626318711826763
30;50;TMSTC*;4;1399,094372150816;0,25874514158800666
30;50;MSTC*;2;2313,1959594928935;0,13603553581343697
30;50;TMSTC*;2;2318,2961037967193;0,14380899500277625
30;50;MSTC*;4;1495,8395381548771;0,45363686840644085
30;50;TMSTC*;4;1506,748340323804;0,45474736257634646
30;50;MSTC*;2;2210,3976911387963;0,0971682398667407
30;50;TMSTC*;2;2209,754833995939;0,0977234869516935
30;50;MSTC*;4;1320,35209222326;0,2903942254303165
30;50;TMSTC*;4;1331,452236527085;0,29317046085508053
30;50;MSTC*;2;2291,9823952977345;0,13436979455857856
30;50;TMSTC*;2;2281,966233633721;0,13381454747362576
30;50;MSTC*;4;1328,3212119334846;0,2915047196002221
30;50;TMSTC*;4;1289,393362024039;0,25485841199333703
30;50;MSTC*;2;2192,7533909576873;0,0832870627429206
30;50;TMSTC*;2;2188,139249547227;0,08661854525263743
30;50;MSTC*;4;1291,7673880643226;0,23431426985008327
30;50;TMSTC*;4;1315,1930734163889;0,23875624652970573
30;50;MSTC*;2;2299,522943579388;0,12770682953914492
30;50;TMSTC*;2;2305,336652078373;0,13492504164353136
30;50;MSTC*;4;1407,9633475572161;0,31204886174347585
30;50;TMSTC*;4;1406,7063490038984;0,32593003886729593
30;50;MSTC*;2;2273,6672437604975;0,11382565241532482
30;50;TMSTC*;2;2237,7533909576873;0,10549694614103276
30;50;MSTC*;4;1444,6916303781366;0,35424764019988897
30;50;TMSTC*;4;1401,5060603962474;0,357023875624653
30;50;MSTC*;2;2185,011111030131;0,07606885063853415
30;50;TMSTC*;2;2174,7253967444167;0,07606885063853415
30;50;MSTC*;4;1318,4640690763417;0,2654081066074403
30;50;TMSTC*;4;1320,5207790220088;0,27040533037201553
30;50;MSTC*;2;2221,6392495472264;0,09328151027207107
30;50;TMSTC*;2;2248,5818180824326;0,10216546363131594
30;50;MSTC*;4;1303,4971139234951;0,2681843420322043
30;50;TMSTC*;4;1287,2673880643224;0,25763464741810105
30;50;MSTC*;2;2160,2541124768127;0,07162687395891172
30;50;TMSTC*;2;2141,7113996377816;0,06385341476957246
30;50;MSTC*;4;1228,1679652796233;0,19988895058300943
30;50;TMSTC*;4;1219,8962481005444;0,1937812326485286
30;50;MSTC*;2;2313,2519479194343;0,1393670183231538
30;50;TMSTC*;2;2302,1805193480054;0,13714602998334258
30;50;MSTC*;4;1418,6047616618205;0,3770127706829539
30;50;TMSTC*;4;1416,6054831809467;0,38145474736257634
30;50;MSTC*;2;2343,251226400309;0,14936146585230428
30;50;TMSTC*;2;2352,59365063169;0,15880066629650194
30;50;MSTC*;4;1375,0760459294243;0,3225985563575791
30;50;TMSTC*;4;1377,1349204324695;0,32481954469739033
30;50;MSTC*;2;2303,6812408671326;0,13381454747362576
30;50;TMSTC*;2;2266,8388166357513;0,11882287617990006
30;50;MSTC*;4;1440,8492061467553;0,38367573570238755
30;50;TMSTC*;4;1431,963347557216;0,38478622987229316
30;50;MSTC*;2;2229,4396824587025;0,10383120488617435
30;50;TMSTC*;2;2217,5825396015593;0,09938922820655191
30;50;MSTC*;4;1360,9640690763422;0,32815102720710715
30;50;TMSTC*;4;1377,192351897263;0,3331482509716824
30;50;MSTC*;2;2248,153246653862;0,1121599111604664
30;50;TMSTC*;2;2260,6672437604975;0,11937812326485286
30;50;MSTC*;4;1441,218181553155;0,390893947806774
30;50;TMSTC*;4;1411,9611829998373;0,3714602998334259
30;50;MSTC*;2;2276,481673778608;0,11937812326485286
30;50;TMSTC*;2;2272,6245309214655;0,11937812326485286
30;50;MSTC*;4;1387,6385280281;0,34258745141588004
30;50;TMSTC*;4;1396,0649348992933;0,35036091060521934
30;50;MSTC*;2;2231,3675323681473;0,10105496946141032
30;50;TMSTC*;2;2233,053102350036;0,10272071071626875
30;50;MSTC*;4;1475,8190473761065;0,38534147695724597
30;50;TMSTC*;4;1476,2350647362946;0,42309827873403666
30;50;MSTC*;2;2199,439682458702;0,08661854525263743
30;50;TMSTC*;2;2208,982395297734;0,09439200444197668
30;50;MSTC*;4;1312,6819623862586;0,27373681288173235
30;50;TMSTC*;4;1307,653246653862;0,27706829539144917
30;50;MSTC*;2;2253,9978354426216;0,11604664075513603
30;50;TMSTC*;2;2250,926406871193;0,11660188784008883
30;50;MSTC*;4;1253,2099565995293;0,22931704608550804
30;50;TMSTC*;4;1258,2386723319255;0,23820099944475293
30;50;MSTC*;2;2186,911688245432;0,08606329816768463
30;50;TMSTC*;2;2183,054545388289;0,08606329816768463
30;50;MSTC*;4;1325,3808079556566;0,28373126041088287
30;50;TMSTC*;4;1323,2637804686913;0,28428650749583567
30;50;MSTC*;2;2162,468398191099;0,06718489727928928
30;50;TMSTC*;2;2162,011111030131;0,06607440310938367
30;50;MSTC*;4;1274,0243866176402;0,23875624652970573
30;50;TMSTC*;4;1277,381529474783;0,24597445863409217
30;50;MSTC*;2;2259,153246653862;0,11327040533037201
30;50;TMSTC*;2;2226,8248195291158;0,10216546363131594
30;50;MSTC*;4;1321,5096679918788;0,28262076624097726
30;50;TMSTC*;4;1322,478787702103;0,2853970016657413
30;50;MSTC*;2;2346,3233764908637;0,15491393670183232
30;50;TMSTC*;2;2345,4088021689277;0,15602443087173792
30;50;MSTC*;4;1418,5907645551854;0,3586896168795114
30;50;TMSTC*;4;1443,8330444827416;0,36424208772903943
30;50;MSTC*;2;2225,468398191099;0,10605219322598557
30;50;TMSTC*;2;2220,325541048242;0,10605219322598557
30;50;MSTC*;4;1325,6937949355151;0,2881732370905053
30;50;TMSTC*;4;1324,4080806498007;0,2881732370905053
30;50;MSTC*;2;2271,52438661764;0,11826762909494726
30;50;TMSTC*;2;2258,7961037967193;0,11604664075513603
30;50;MSTC*;4;1363,6496390582313;0,32815102720710715
30;50;TMSTC*;4;1359,1496390582313;0,3242642976124375
30;50;MSTC*;2;2251,7401153701776;0,1110494169905608
30;50;TMSTC*;2;2247,9544010844634;0,11327040533037201
30;50;MSTC*;4;1312,038383724275;0,2798445308162132
30;50;TMSTC*;4;1330,3380951166246;0,29317046085508053
30;50;MSTC*;2;2219,2239537061637;0,0966129927817879
30;50;TMSTC*;2;2252,7232321870374;0,11327040533037201
30;50;MSTC*;4;1318,939682458702;0,28262076624097726
30;50;TMSTC*;4;1303,6223663640867;0,2692948362021099
30;50;MSTC*;2;2223,910245207179;0,09050527484730705
30;50;TMSTC*;2;2229,6245309214646;0,0982787340366463
30;50;MSTC*;4;1278,153246653862;0,24264297612437535
30;50;TMSTC*;4;1307,062770341915;0,24764019988895059
30;50;MSTC*;2;2297,595093669943;0,12992781787895613
30;50;TMSTC*;2;2295,023665098514;0,12992781787895613
30;50;MSTC*;4;1400,7924962010884;0,34203220433092724
30;50;TMSTC*;4;1392,1496390582313;0,3375902276513048
30;50;MSTC*;2;2378,4515150079587;0,17656857301499168
30;50;TMSTC*;2;2399,3513707041334;0,18767351471404775
30;50;MSTC*;4;1532,3183258569802;0,49305941143808996
30;50;TMSTC*;4;1527,2461757664255;0,4875069405885619
60;5;MSTC*;2;14213,854978299763;0,009282947152985893
60;5;TMSTC*;2;14334,531890052176;0,01586141363935385
60;5;MSTC*;4;7353,917027122549;0,03501206052189167
60;5;TMSTC*;4;7408,725396744408;0,03881295226957094
60;5;MSTC*;2;14239,721789148785;0,009502229369198157
60;5;TMSTC*;2;14314,845598551163;0,016373072143849133
60;5;MSTC*;4;7379,327705605619;0,040713398143410566
60;5;TMSTC*;4;7383,678354790611;0,0411519625758351
60;5;MSTC*;2;14277,991341770514;0,011475769315108545
60;5;TMSTC*;2;14258,611976853083;0,014984284774504787
60;5;MSTC*;4;7258,969119710219;0,024632702287844456
60;5;TMSTC*;4;7340,980952259478;0,037351070828155836
60;5;MSTC*;2;14268,539105243402;0,009136759008844383
60;5;TMSTC*;2;14188,750504881182;0,009282947152985893
60;5;MSTC*;4;7355,902308496789;0,03077260434178788
60;5;TMSTC*;4;7357,507503434485;0,034719684233608654
60;5;MSTC*;2;14355,519335983758;0,015642131423141584
60;5;TMSTC*;2;14275,09725822733;0,014691908486221768
60;5;MSTC*;4;7399,152813377943;0,03311161464805204
60;5;TMSTC*;4;7303,995670885238;0,03493896644982092
60;5;MSTC*;2;14350,148196019978;0,013595497405160441
60;5;TMSTC*;2;14291,39336202406;0,015422849206929318
60;5;MSTC*;4;7291,83232296361;0,02989547547693882
60;5;TMSTC*;4;7280,854978299759;0,03179592135077845
60;5;MSTC*;2;14305,306493307724;0,0130107448285944
60;5;TMSTC*;2;14326,017892945505;0,016446166215919888
60;5;MSTC*;4;7396,895526581405;0,040713398143410566
60;5;TMSTC*;4;7339,265945026069;0,03420802572911337
60;5;MSTC*;2;14212,583261120693;0,008552006432278342
60;5;TMSTC*;2;14167,970562748478;0,009575323441268914
60;5;MSTC*;4;7352,894805062277;0,0317228272787077
60;5;TMSTC*;4;7322,301442673837;0,03493896644982092
60;5;MSTC*;2;14376,034054609518;0,01703091879248593
60;5;TMSTC*;2;14179,194516454641;0,008478912360207588
60;5;MSTC*;4;7306,788888605453;0,029237628828302026
60;5;TMSTC*;4;7385,911688245428;0,03654703603537753
60;5;MSTC*;2;14217,064934899314;0,009502229369198157
60;5;TMSTC*;2;14199,052380830912;0,011475769315108545
60;5;MSTC*;4;7386,058441227131;0,03223448578320298
60;5;TMSTC*;4;7299,051659311779;0,032599956143556756
60;5;MSTC*;2;14275,120201806736;0,010306264161976464
60;5;TMSTC*;2;14273,950793488832;0,014545720342080258
60;5;MSTC*;4;7480,609379019781;0,03969008113442
60;5;TMSTC*;4;7388,691630378115;0,03537753088224545
60;5;MSTC*;2;14266,31976889526;0,01081792266647175
60;5;TMSTC*;2;14237,877921879177;0,013230027044806665
60;5;MSTC*;4;7241,8108224224725;0,02470579635991521
60;5;TMSTC*;4;7419,945742854937;0,046268547620787956
60;5;MSTC*;2;14203,210678118667;0,008478912360207588
60;5;TMSTC*;2;14296,704184446553;0,015642131423141584
60;5;MSTC*;4;7314,661471607458;0,0317228272787077
60;5;TMSTC*;4;7390,189465820727;0,04246765587310869
60;5;MSTC*;2;14241,424242313815;0,009867699729551933
60;5;TMSTC*;2;14288,97950922125;0,015495943279000073
60;5;MSTC*;4;7413,199855331735;0,03530443681017469
60;5;TMSTC*;4;7348,567099456661;0,03852057598128792
60;5;MSTC*;2;14236,336652078393;0,009136759008844383
60;5;TMSTC*;2;14313,863203253391;0,01761567136905197
60;5;MSTC*;4;7400,373592764376;0,032526862071486
60;5;TMSTC*;4;7404,957575404188;0,04582998318836343
60;5;MSTC*;2;14360,133477394247;0,01688473064834442
60;5;TMSTC*;2;14167,739393851052;0,008844382720561362
60;5;MSTC*;4;7281,555988426539;0,02843359403552372
60;5;TMSTC*;4;7333,277056056183;0,03574300124259922
60;5;MSTC*;2;14358,448628931483;0,01586141363935385
60;5;TMSTC*;2;14303,58253960157;0,015130472918646299
60;5;MSTC*;4;7390,395526581405;0,038447481909217165
60;5;TMSTC*;4;7291,124530921454;0,026386960017542576
60;5;MSTC*;2;14216,812265460734;0,009136759008844383
60;5;TMSTC*;2;14158,197402531154;0,008698194576419852
60;5;MSTC*;4;7311,77561301794;0,026752430377896354
60;5;TMSTC*;4;7273,852092223247;0,0310649806300709
60;5;MSTC*;2;14197,824098010004;0,008552006432278342
60;5;TMSTC*;2;14256,005338877121;0,013230027044806665
60;5;MSTC*;4;7313,903030015917;0,028214311819311454
60;5;TMSTC*;4;7441,201298369978;0,04663401798114173
60;5;MSTC*;2;14281,905916092423;0,010891016738542505
60;5;TMSTC*;2;14253,06565641842;0,013376215188948177
60;5;MSTC*;4;7339,954689327664;0,03186901542284921
60;5;TMSTC*;4;7396,367532368145;0,04509904246765587
60;5;MSTC*;2;14227,81226546074;0,009282947152985893
60;5;TMSTC*;2;14062,798268354103;0,002485198450405672
60;5;MSTC*;4;7305,365367810764;0,02945691104451429
60;5;TMSTC*;4;7244,5810965633045;0,024778890431985966
60;5;MSTC*;2;14283,591486074312;0,009356041225056648
60;5;TMSTC*;2;14242,267388064336;0,012060521891674586
60;5;MSTC*;4;7457,951081732033;0,03881295226957094
60;5;TMSTC*;4;7355,585713921289;0,039324610774066224
60;5;MSTC*;2;14219,422799275562;0,008552006432278342
60;5;TMSTC*;2;14294,646752981727;0,015788319567283094
60;5;MSTC*;4;7401,662914645731;0,02784884145895768
60;5;TMSTC*;4;7328,215295476629;0,033184708720122795
60;5;MSTC*;2;14254,43463182482;0,009209853080915138
60;5;TMSTC*;2;14308,274891498857;0,015349755134858563
60;5;MSTC*;4;7245,078210486795;0,025217454864410495
60;5;TMSTC*;4;7357,617315730193;0,037643447116438855
60;5;MSTC*;2;14227,88225099392;0,009721511585410424
60;5;TMSTC*;2;14339,213852438399;0,01688473064834442
60;5;MSTC*;4;7381,679797828878;0,03990936335063226
60;5;TMSTC*;4;7387,172582637608;0,043490972882099264
60;5;MSTC*;2;14242,30649330775;0,009575323441268914
60;5;TMSTC*;2;14169,966233633737;0,007528689423287771
60;5;MSTC*;4;7292,324819529106;0,029968569549009574
60;5;TMSTC*;4;7335,115872691936;0,029676193260726555
60;5;MSTC*;2;14215,665800722263;0,009063664936773628
60;5;TMSTC*;2;14273,707792042149;0,014765002558292523
60;5;MSTC*;4;7362,698124050269;0,04159052700825963
60;5;TMSTC*;4;7403,246897285543;0,0440757254586653
60;5;MSTC*;2;14213,56782097581;0,008844382720561362
60;5;TMSTC*;2;14144,52727269415;0,009209853080915138
60;5;MSTC*;4;7296,941847016078;0,032892332431839776
60;5;TMSTC*;4;7359,964069076328;0,04385644324245304
60;5;MSTC*;2;14388,461904518963;0,01703091879248593
60;5;TMSTC*;2;14100,083261120693;0,003216139171113223
60;5;MSTC*;4;7421,812553703946;0,04305240844967473
60;5;TMSTC*;4;7341,847763108475;0,03420802572911337
60;5;MSTC*;2;14283,204905965646;0,01111029895475477
60;5;TMSTC*;2;14266,137084989867;0,01315693297273591
60;5;MSTC*;4;7372,545887158769;0,03179592135077845
60;5;TMSTC*;4;7332,456853885064;0,03625465974709451
60;5;MSTC*;2;14262,97734466385;0,010598640450259484
60;5;TMSTC*;2;14276,2056274848;0,014399532197938747
60;5;MSTC*;4;7249,934631824817;0,024047949711278414
60;5;TMSTC*;4;7410,322221695823;0,04129815071997661
60;5;MSTC*;2;14311,591486074312;0,013668591477231196
60;5;TMSTC*;2;14293,316882818766;0,015569037351070828
60;5;MSTC*;4;7334,7666665451825;0,033403990936335066
60;5;TMSTC*;4;7363,6054831809315;0,03771654118850961
60;5;MSTC*;2;14273,94935045058;0,010671734522330239
60;5;TMSTC*;2;14055,45584412272;0,0016811636576273665
60;5;MSTC*;4;7378,493506327845;0,038228199693004894
60;5;TMSTC*;4;7304,631312836805;0,030845698413858636
60;5;MSTC*;2;14290,8764788409;0,011256487098896279
60;5;TMSTC*;2;14168,955844122716;0,01023317008990571
60;5;MSTC*;4;7466,442856778416;0,04312550252174548
60;5;TMSTC*;4;7370,536940686018;0,037789635260580365
60;5;MSTC*;2;14254,079653525054;0,008771288648490607
60;5;TMSTC*;2;14361,97229403001;0,018565894305971786
60;5;MSTC*;4;7328,330879925342;0,02945691104451429
60;5;TMSTC*;4;7362,596536708184;0,037497258972297345
60;5;MSTC*;2;14319,862481734264;0,01242599225202836
60;5;TMSTC*;2;14340,14891753913;0,01746948322491046
60;5;MSTC*;4;7275,9435782975415;0,025656019296835027
60;5;TMSTC*;4;7481,185858225086;0,04941159271983042
60;5;MSTC*;2;14252,53838372429;0,009867699729551933
60;5;TMSTC*;2;14271,389754428443;0,01242599225202836
60;5;MSTC*;4;7454,844155512845;0,038739858197500185
60;5;TMSTC*;4;7308,8513707041175;0,034865872377750164
60;5;MSTC*;2;14199,770274140827;0,009136759008844383
60;5;TMSTC*;2;14258,54054828166;0,014691908486221768
60;5;MSTC*;4;7421,064213380159;0,038886046341641695
60;5;TMSTC*;4;7397,411688245425;0,04422191360280681
60;5;MSTC*;2;14239,507503434523;0,008844382720561362
60;5;TMSTC*;2;14268,478787702126;0,015057378846575542
60;5;MSTC*;4;7338,194516454625;0,034573496089467144
60;5;TMSTC*;4;7379,508224953608;0,038082011548863384
60;5;MSTC*;2;14276,278499094477;0,009575323441268914
60;5;TMSTC*;2;14217,539105243413;0,011183393026825524
60;5;MSTC*;4;7414,587878478654;0,03508515459396243
60;5;TMSTC*;4;7308,662914645721;0,03201520356699072
60;5;MSTC*;2;14277,933910305694;0,01096411081061326
60;5;TMSTC*;2;14163,522943579406;0,008771288648490607
60;5;MSTC*;4;7382,610533814827;0,04085958628755208
60;5;TMSTC*;4;7345,817604337838;0,02499817264819823
60;5;MSTC*;2;14207,642135623732;0,009429135297127402
60;5;TMSTC*;2;14344,64386690522;0,01615378992763687
60;5;MSTC*;4;7311,257286796529;0,030114757693151084
60;5;TMSTC*;4;7479,791341406042;0,042540749945179444
60;5;MSTC*;2;14241,50894647277;0,008844382720561362
60;5;TMSTC*;2;14261,732178659824;0,012645274468240625
60;5;MSTC*;4;7375,009667991865;0,040713398143410566
60;5;TMSTC*;4;7410,419479923127;0,03683941232366055
60;5;MSTC*;2;14192,954401084464;0,008259630143995321
60;5;TMSTC*;2;14338,38758987107;0,01746948322491046
60;5;MSTC*;4;7297,8520922232565;0,028872158467948248
60;5;TMSTC*;4;7413,354978299759;0,04751114684599079
60;5;MSTC*;2;14180,342424231383;0,008186536071924566
60;5;TMSTC*;2;14113,226118263543;0,005335867261165119
60;5;MSTC*;4;7329,509667991875;0,02872597032380674
60;5;TMSTC*;4;7298,873592764394;0,03121116877421241
60;5;MSTC*;2;14313,120201806736;0,011768145603391565
60;5;TMSTC*;2;14313,190187339884;0,014765002558292523
60;5;MSTC*;4;7365,380807955642;0,034427307945325634
60;5;TMSTC*;4;7321,64675298172;0,034719684233608654
60;5;MSTC*;2;14341,633477394247;0,015057378846575542
60;5;TMSTC*;2;14337,783837971627;0,01703091879248593
60;5;MSTC*;4;7323,663636164864;0,03157663913456619
60;5;TMSTC*;4;7301,198845569396;0,03406183758497186
60;5;MSTC*;2;14254,577488967703;0,01111029895475477
60;5;TMSTC*;2;14298,148196019978;0,014911190702434032
60;5;MSTC*;4;7353,873592764371;0,03347708500840582
60;5;TMSTC*;4;7390,920634718162;0,04100577443169359
60;5;MSTC*;2;14251,492063289612;0,009136759008844383
60;5;TMSTC*;2;14223,792496201087;0,011621957459250055
60;5;MSTC*;4;7347,015006868972;0,03216139171113223
60;5;TMSTC*;4;7357,524386617628;0,03947079891820773
60;5;MSTC*;2;14243,094372150834;0,009940793801622688
60;5;TMSTC*;2;14322,50533887715;0,017688765441122724
60;5;MSTC*;4;7346,395526581405;0,03077260434178788
60;5;TMSTC*;4;7471,24545424729;0,04137124479204737
60;5;MSTC*;2;14237,634920432496;0,008625100504349097
60;5;TMSTC*;2;14260,076045929456;0,012864556684452891
60;5;MSTC*;4;7387,323376490849;0,038447481909217165
60;5;TMSTC*;4;7270,321211933467;0,028652876251735983
60;5;MSTC*;2;14311,134198913342;0,01227980410788685
60;5;TMSTC*;2;14273,31082242248;0,01688473064834442
60;5;MSTC*;4;7311,566666180751;0,028652876251735983
60;5;TMSTC*;4;7473,090043036041;0,05211607338644836
60;5;MSTC*;2;14182,798989873227;0,007894159783641547
60;5;TMSTC*;2;14182,910245207193;0,009209853080915138
60;5;MSTC*;4;7305,553823869153;0,030407133981434107
60;5;TMSTC*;4;7345,531890052107;0,03566990717052847
60;5;MSTC*;2;14347,648196019978;0,014765002558292523
60;5;TMSTC*;2;14267,355699818892;0,016665448432132152
60;5;MSTC*;4;7354,486291136574;0,03143045099042468
60;5;TMSTC*;4;7283,69163037812;0,03376946129668884
60;5;MSTC*;2;14332,261615911311;0,013887873693443461
60;5;TMSTC*;2;14247,291053162835;0,011183393026825524
60;5;MSTC*;4;7399,0239533417225;0,03479277830567941
60;5;TMSTC*;4;7240,4367963821815;0,0260214896571888
60;5;MSTC*;2;14362,034054609518;0,017396389152839704
60;5;TMSTC*;2;14199,062770341943;0,009282947152985893
60;5;MSTC*;4;7380,400865458537;0,037935823404721875
60;5;TMSTC*;4;7337,0053388771075;0,037789635260580365
60;5;MSTC*;2;14256,034054609547;0,009940793801622688
60;5;TMSTC*;2;14240,377921879151;0,013083838900665156
60;5;MSTC*;4;7324,54733019701;0,02799502960309919
60;5;TMSTC*;4;7418,529725494741;0,0447335721073021
60;5;MSTC*;2;14348,72034611056;0,016957824720415175
60;5;TMSTC*;2;14130,868253887274;0,0065053724142972
60;5;MSTC*;4;7359,555266907412;0,03852057598128792
60;5;TMSTC*;4;7301,3624817342525;0,028652876251735983
60;5;MSTC*;2;14237,006060396274;0,009429135297127402
60;5;TMSTC*;2;14282,362481734293;0,013960967765514217
60;5;MSTC*;4;7293,450071969704;0,02989547547693882
60;5;TMSTC*;4;7295,05526690741;0,03281923835976902
60;5;MSTC*;2;14205,639971066363;0,008990570864702873
60;5;TMSTC*;2;14265,306493307724;0,015569037351070828
60;5;MSTC*;4;7333,324819529105;0,0281412177472407
60;5;TMSTC*;4;7400,282106690073;0,043344784737957755
60;5;MSTC*;2;14256,97950922123;0,009136759008844383
60;5;TMSTC*;2;14312,804328750344;0,013595497405160441
60;5;MSTC*;4;7292,099422784699;0,02945691104451429
60;5;TMSTC*;4;7391,642423866957;0,03618156567502376
60;5;MSTC*;2;14289,019335983758;0,01242599225202836
60;5;TMSTC*;2;14254,484559855113;0,01600760178349536
60;5;MSTC*;4;7380,9442998166705;0,03230757985527374
60;5;TMSTC*;4;7393,104040142691;0,04319859659381624
60;5;MSTC*;2;14315,590764555216;0,013083838900665156
60;5;TMSTC*;2;14270,039826762537;0,016665448432132152
60;5;MSTC*;4;7394,908802168911;0,03866676412542943
60;5;TMSTC*;4;7349,5634918610385;0,04137124479204737
60;5;MSTC*;2;14230,66507920314;0,009282947152985893
60;5;TMSTC*;2;14230,266666545196;0,013595497405160441
60;5;MSTC*;4;7339,119480287566;0,033330896864264305
60;5;TMSTC*;4;7260,3940835431495;0,032599956143556756
60;5;MSTC*;2;14206,499278480876;0,008478912360207588
60;5;TMSTC*;2;14243,53766220515;0,012060521891674586
60;5;MSTC*;4;7377,6489175390825;0,03128426284628317
60;5;TMSTC*;4;7389,971572510827;0,03998245742270302
60;5;MSTC*;2;14206,8689754064;0,008698194576419852
60;5;TMSTC*;2;14359,52972549476;0,01834661208975952
60;5;MSTC*;4;7304,615151172822;0,029091440684160516
60;5;TMSTC*;4;7442,03549764775;0,04875374607119363
60;5;MSTC*;2;14386,491341770487;0,017250201008698195
60;5;TMSTC*;2;14242,26233743047;0,012352898179957605
60;5;MSTC*;4;7437,263058949563;0,045172136539726626
60;5;TMSTC*;4;7255,255555515063;0,02368247935092464
60;5;MSTC*;2;14360,018614464663;0,015349755134858563
60;5;TMSTC*;2;14203,379364917402;0,009721511585410424
60;5;MSTC*;4;7301,446464374056;0,027483371098603902
60;5;TMSTC*;4;7327,139971066351;0,03537753088224545
60;5;MSTC*;2;14209,22683978267;0,008844382720561362
60;5;TMSTC*;2;14339,777056056202;0,016446166215919888
60;5;MSTC*;4;7363,515728388095;0,03837438783714641
60;5;TMSTC*;4;7428,41991319904;0,05080038008917477
60;5;MSTC*;2;14344,062770341914;0,015276661062787808
60;5;TMSTC*;2;14212,54126980078;0,013230027044806665
60;5;MSTC*;4;7356,926406871187;0,034134931657042615
60;5;TMSTC*;4;7264,511111030124;0,03150354506249543
60;5;MSTC*;2;14291,04877323528;0,013741685549301951
60;5;TMSTC*;2;14267,097979746448;0,01746948322491046
60;5;MSTC*;4;7373,109090776563;0,03618156567502376
60;5;TMSTC*;4;7427,372149726123;0,04809589942255683
60;5;MSTC*;2;14320,2056274848;0,014984284774504787
60;5;TMSTC*;2;14266,693073416389;0,014399532197938747
60;5;MSTC*;4;7298,490620251343;0,028945252540019003
60;5;TMSTC*;4;7258,008224953623;0,02843359403552372
60;5;MSTC*;2;14224,984559855113;0,009575323441268914
60;5;TMSTC*;2;14272,06060578457;0,013595497405160441
60;5;MSTC*;4;7372,276334537073;0,037643447116438855
60;5;TMSTC*;4;7395,869263649604;0,04451428989108983
60;5;MSTC*;2;14251,265223506964;0,009209853080915138
60;5;TMSTC*;2;14199,109090776577;0,010598640450259484
60;5;MSTC*;4;7314,603318623543;0,028872158467948248
60;5;TMSTC*;4;7316,412409764553;0,033403990936335066
60;5;MSTC*;2;14251,81976889526;0,010306264161976464
60;5;TMSTC*;2;14264,550216273532;0,014838096630363277
60;5;MSTC*;4;7289,084992402156;0,029237628828302026
60;5;TMSTC*;4;7304,696681012017;0,031357356918353924
60;5;MSTC*;2;14333,634920432496;0,015130472918646299
60;5;TMSTC*;2;14186,666522241387;0,008040347927783057
60;5;MSTC*;4;7299,425685352063;0,029822381404868065
60;5;TMSTC*;4;7298,37431428351;0,028214311819311454
60;5;MSTC*;2;14209,798268354103;0,008698194576419852
60;5;TMSTC*;2;14258,627416997973;0,016592354360061397
60;5;MSTC*;4;7392,204905965629;0,03771654118850961
60;5;TMSTC*;4;7425,843433993723;0,04159052700825963
60;5;MSTC*;2;14356,948628931455;0,015495943279000073
60;5;TMSTC*;2;14089,154689692123;0,0032892332431839776
60;5;MSTC*;4;7319,440692221035;0,026752430377896354
60;5;TMSTC*;4;7292,324098009976;0,03018785176522184
60;5;MSTC*;2;14216,184126943639;0,008844382720561362
60;5;TMSTC*;2;14116,25555551507;0,0069439368467217304
60;5;MSTC*;4;7241,927128390318;0,0260214896571888
60;5;TMSTC*;4;7315,613419891332;0,03596228345881149
60;5;MSTC*;2;14245,464069076343;0,008844382720561362
60;5;TMSTC*;2;14246,85064918503;0,013887873693443461
60;5;MSTC*;4;7332,738672331913;0,03018785176522184
60;5;TMSTC*;4;7400,840259673996;0,04707258241356626
60;5;MSTC*;2;14238,439682458713;0,009648417513339669
60;5;TMSTC*;2;14113,653968172986;0,004166362108033038
60;5;MSTC*;4;7416,977344663841;0,03727797675608508
60;5;TMSTC*;4;7342,2300141024025;0,03208829763906147
60;5;MSTC*;2;14227,050216273554;0,009063664936773628
60;5;TMSTC*;2;14189,30865786512;0,010306264161976464
60;5;MSTC*;4;7376,196247736095;0,03435421387325488
60;5;TMSTC*;4;7329,48484809833;0,034865872377750164
60;5;MSTC*;2;14317,962626038088;0,012718368540311381
60;5;TMSTC*;2;14238,79177468199;0,01169505153132081
60;5;MSTC*;4;7254,465512114592;0,02529054893648125
60;5;TMSTC*;4;7390,067099456661;0,046268547620787956
60;5;MSTC*;2;14325,090764555216;0,013083838900665156
60;5;TMSTC*;2;14231,691630378164;0,01096411081061326
60;5;MSTC*;4;7361,02438661763;0,03179592135077845
60;5;TMSTC*;4;7285,209235080388;0,0310649806300709
60;5;MSTC*;2;14238,022943579406;0,008771288648490607
60;5;TMSTC*;2;14277,217460034064;0,012718368540311381
60;5;MSTC*;4;7406,466233633707;0,039032234485783204
60;5;TMSTC*;4;7395,251947919423;0,042102185512754915
60;5;MSTC*;2;14207,413131283687;0,009136759008844383
60;5;TMSTC*;2;14198,036219166917;0,009648417513339669
60;5;MSTC*;4;7380,9303027100605;0,031357356918353924
60;5;TMSTC*;4;7407,23073562152;0,03194210949491996
60;5;MSTC*;2;14251,807936345996;0,010160076017834953
60;5;TMSTC*;2;14158,380807955673;0,006797748702580221
60;5;MSTC*;4;7316,889032909264;0,033696367224618086
60;5;TMSTC*;4;7285,863203253371;0,030480228053504862
60;5;MSTC*;2;14241,380807955658;0,009575323441268914
60;5;TMSTC*;2;14238,681240867147;0,01315693297273591
60;5;MSTC*;4;7378,191630378134;0,039324610774066224
60;5;TMSTC*;4;7345,171139599352;0,038301293765075656
60;5;MSTC*;2;14335,49062025139;0,016226883999707623
60;5;TMSTC*;2;14336,45901844246;0,016080695855566114
60;5;MSTC*;4;7276,476623144701;0,027410277026533147
60;5;TMSTC*;4;7375,951515007942;0,03947079891820773
60;5;MSTC*;2;14296,192351897262;0,012937650756523646
60;5;TMSTC*;2;14298,07676744855;0,01600760178349536
60;5;MSTC*;4;7365,768109583439;0,03435421387325488
60;5;TMSTC*;4;7337,198124050268;0,037643447116438855
60;5;MSTC*;2;14341,134920432496;0,013595497405160441
60;5;TMSTC*;2;14336,09365063171;0,01673854250420291
60;5;MSTC*;4;7363,167243760487;0,03625465974709451
60;5;TMSTC*;4;7482,116594211058;0,038082011548863384
60;5;MSTC*;2;14302,52005750291;0,013741685549301951
60;5;TMSTC*;2;14159,484559855116;0,008259630143995321
60;5;MSTC*;4;7400,264068711889;0,037204882684014326
60;5;TMSTC*;4;7366,209235080399;0,04107886850376435
60;5;MSTC*;2;14246,623087883212;0,009794605657481179
60;5;TMSTC*;2;14320,77489149882;0,014399532197938747
60;5;MSTC*;4;7281,0774889676595;0,027264088882391638
60;5;TMSTC*;4;7371,126262202942;0,03574300124259922
60;5;MSTC*;2;14213,92424231383;0,008990570864702873
60;5;TMSTC*;2;14212,11197685309;0,01198742781960383
60;5;MSTC*;4;7334,096536708184;0,03194210949491996
60;5;TMSTC*;4;7353,9102452071675;0,035816095314669984
60;5;MSTC*;2;14399,303607231219;0,016519260287990643
60;5;TMSTC*;2;14327,81399674227;0,016299978071778378
60;5;MSTC*;4;7370,278065818528;0,033550179080476576
60;5;TMSTC*;4;7299,855266542993;0,030480228053504862
60;5;MSTC*;2;14199,555266907415;0,008405818288136833
60;5;TMSTC*;2;14187,910966726306;0,008552006432278342
60;5;MSTC*;4;7263,053823869153;0,025656019296835027
60;5;TMSTC*;4;7318,929581190905;0,03406183758497186
60;15;MSTC*;2;13289,562770341914;0,01511314435095172
60;15;TMSTC*;2;13219,380086436531;0,01797238787680745
60;15;MSTC*;4;6845,832322963602;0,033248917572093785
60;15;TMSTC*;4;6800,680519348004;0,042561882199166734
60;5;MSTC*;2;14280,363924772517;0,010306264161976464
60;5;TMSTC*;2;14212,179076309754;0,01081792266647175
60;5;MSTC*;4;7430,840547917217;0,04495285432351436
60;5;TMSTC*;4;7222,623087883211;0,02339010306264162
60;15;MSTC*;2;13334,36176021517;0,0186259292541459
60;15;TMSTC*;2;13056,624530921465;0,006045257740380688
60;15;MSTC*;4;6824,345598551103;0,03447430765460338
60;15;TMSTC*;4;6827,903751535043;0,04313373090433788
60;15;MSTC*;2;13334,14747450085;0,018952699942815128
60;15;TMSTC*;2;13205,348484627628;0,017809002532472838
60;15;MSTC*;4;6991,296392039931;0,045257740380687854
60;15;TMSTC*;4;6818,227128025883;0,04476758434768401
60;15;MSTC*;2;13256,667965279623;0,009721427987909485
60;15;TMSTC*;2;13345,26017287306;0,020913324074830486
60;15;MSTC*;4;6977,372871245265;0,050240993382893555
60;15;TMSTC*;4;6897,836652078368;0,050322686055060864
60;15;MSTC*;2;13304,62092332586;0,015766685728290174
60;15;TMSTC*;2;13182,936796382217;0,015603300383955559
60;15;MSTC*;4;6906,536940686005;0,048116983906543585
60;15;TMSTC*;4;6885,698412293494;0,05146638346540315
60;15;MSTC*;2;13341,19307341641;0,015930071072624785
60;15;TMSTC*;2;13257,534054609547;0,019116085287149743
60;15;MSTC*;4;6919,888311390137;0,04672820847969937
60;15;TMSTC*;4;6895,086435440415;0,05187484682623968
60;15;MSTC*;2;13198,225396744427;0,008822808594069111
60;15;TMSTC*;2;13159,236507774567;0,011927130136426763
60;15;MSTC*;4;6822,421356237299;0,03357568826076301
60;15;TMSTC*;4;6786,139971066346;0,03684339514745527
60;5;MSTC*;2;14277,691630378136;0,01081792266647175
60;5;TMSTC*;2;14099,526551175024;0,004531832468386814
60;5;MSTC*;4;7378,4546893276765;0,03325780279219355
60;5;TMSTC*;4;7331,048051716127;0,033696367224618086
60;15;MSTC*;2;13358,777777575327;0,01797238787680745
60;15;TMSTC*;2;13205,497113923504;0,016338534433461317
60;15;MSTC*;4;6924,33665207837;0,048035291234376276
60;15;TMSTC*;4;6842,162914645717;0,04509435503635324
60;5;MSTC*;2;14312,905916092423;0,013887873693443461
60;5;TMSTC*;2;14177,52366509853;0,009209853080915138
60;5;MSTC*;4;7326,510389510993;0,03150354506249543
60;5;TMSTC*;4;7341,528282456498;0,038228199693004894
60;15;MSTC*;2;13219,59365063171;0,01053835470958255
60;15;TMSTC*;2;13188,239393851052;0,017809002532472838
60;15;MSTC*;4;6834,238672331921;0,0383955559186341
60;15;TMSTC*;4;6824,348484627612;0,04672820847969937
60;15;MSTC*;2;13293,335209040144;0,013479290907605588
60;15;TMSTC*;2;13206,69668101202;0,015766685728290174
60;15;MSTC*;4;6881,209235080389;0,04166326280532636
60;15;TMSTC*;4;6931,880807955653;0,05391716363042235
60;15;MSTC*;2;13254,377200360026;0,012825749530267135
60;15;TMSTC*;2;13209,677633271527;0,015031451678784414
60;15;MSTC*;4;6831,1245309214555;0,0383955559186341
60;15;TMSTC*;4;6885,713852438379;0,0508128420880647
60;5;MSTC*;2;14325,676911752404;0,011621957459250055
60;5;TMSTC*;2;14262,17835479065;0,012791462612382136
60;5;MSTC*;4;7382,590043036042;0,03311161464805204
60;5;TMSTC*;4;7399,198412293488;0,04312550252174548
60;15;MSTC*;2;13318,54949475443;0,015276529695286332
60;15;TMSTC*;2;13299,81760433789;0,020014704680990116
60;15;MSTC*;4;6835,354256780631;0,033003839555591864
60;15;TMSTC*;4;6819,052380830898;0,04370557960950903
60;15;MSTC*;2;13339,348484627628;0,015766685728290174
60;15;TMSTC*;2;13310,629869798588;0,021403480107834327
60;15;MSTC*;4;6910,880086436514;0,04860713993954742
60;15;TMSTC*;4;6912,892640504908;0,05408054897475696
60;15;MSTC*;2;13279,436074863093;0,01535822236745364
60;15;TMSTC*;2;13212,581818082446;0,017563924515970917
60;15;MSTC*;4;6967,288888605433;0,04983253002205702
60;15;TMSTC*;4;6766,609090776569;0,03741524385262642
60;15;MSTC*;2;13273,80721482685;0,012907442202434442
60;15;TMSTC*;2;13199,56782097581;0,01511314435095172
60;15;MSTC*;4;6918,902308496772;0,04852544726738012
60;15;TMSTC*;4;6766,9109667262965;0,035291234376276445
60;15;MSTC*;2;13178,127416997973;0,008659423249734498
60;15;TMSTC*;2;13139,381529474796;0,012498978841597909
60;15;MSTC*;4;6795,8682538872645;0,030307981374070744
60;15;TMSTC*;4;6881,134198913334;0,052365002859243524
60;15;MSTC*;2;13240,621644844961;0,013560983579772895
60;15;TMSTC*;2;13217,467676671973;0,01870762192631321
60;15;MSTC*;4;6815,534054609517;0,032431990850420714
60;15;TMSTC*;4;6873,817604337853;0,050731149415897396
60;15;MSTC*;2;13326,464790595468;0,014704680990115187
60;15;TMSTC*;2;13242,137806508974;0,020096397353157422
60;15;MSTC*;4;6878,06709945666;0,044685891675516703
60;15;TMSTC*;4;6868,42063471818;0,04966914467772241
60;15;MSTC*;2;13220,170129837006;0,01176374479209215
60;15;TMSTC*;2;13351,557719708077;0,02279225553467854
60;15;MSTC*;4;6989,848484627624;0,04680990115186668
60;15;TMSTC*;4;6908,609379019781;0,050322686055060864
60;15;MSTC*;2;13219,34098119313;0,009639735315742177
60;15;TMSTC*;2;13269,403751535043;0,01797238787680745
60;15;MSTC*;4;6854,316882818725;0,03627154644228413
60;15;TMSTC*;4;6832,111976853078;0,04631974511886284
60;15;MSTC*;2;13271,506781915397;0,012498978841597909
60;15;TMSTC*;2;13239,289610124617;0,017155461155134385
60;15;MSTC*;4;6834,113419891332;0,033412302916428396
60;15;TMSTC*;4;6887,740836889298;0,052119924842741604
60;15;MSTC*;2;13254,307214826873;0,014214524957111348
60;15;TMSTC*;2;13177,955122603596;0,017645617188138223
60;15;MSTC*;4;6925,353101985589;0,04819867657871089
60;15;TMSTC*;4;6675,411688245427;0,025814884404868885
60;15;MSTC*;2;13249,083982639811;0,01053835470958255
60;15;TMSTC*;2;13224,881529474782;0,01821746589330937
60;15;MSTC*;4;6917,036219166894;0,04558451106935708
60;15;TMSTC*;4;6781,2113996377775;0,039702638673311
60;15;MSTC*;2;13239,81298697986;0,012580671513765216
60;15;TMSTC*;2;13169,750504881204;0,011845437464259456
60;15;MSTC*;4;6919,050216273528;0,04640143779103015
60;15;TMSTC*;4;6774,865367810751;0,03684339514745527
60;15;MSTC*;2;13209,212121156914;0,009231271954905645
60;15;TMSTC*;2;13245,87647884093;0,017809002532472838
60;15;MSTC*;4;6839,081818082422;0,038477248590801406
60;15;TMSTC*;4;6832,127705241178;0,045257740380687854
60;15;MSTC*;2;13344,805050269471;0,021485172780001633
60;15;TMSTC*;2;13119,836652078373;0,010701740053917164
60;15;MSTC*;4;6944,039105243391;0,05677640715627808
60;15;TMSTC*;4;6847,454401084456;0,04313373090433788
60;15;MSTC*;2;13185,983838335987;0,008169267216730659
60;15;TMSTC*;2;13137,83593055927;0,00980312066007679
60;15;MSTC*;4;6761,179076309741;0,02712196715954579
60;15;TMSTC*;4;6762,922799275546;0,033412302916428396
60;15;MSTC*;2;13258,88008643655;0,010865125398251777
60;15;TMSTC*;2;13188,30865786512;0,014214524957111348
60;15;MSTC*;4;6823,439682458693;0,033003839555591864
60;15;TMSTC*;4;6862,549494754396;0,0446041990033494
60;15;MSTC*;2;13189,055988426544;0,008659423249734498
60;15;TMSTC*;2;13167,065656418437;0,0136426762519402
60;15;MSTC*;4;6876,605483180933;0,04051956539498407
60;15;TMSTC*;4;6871,919191679905;0,04926068131688587
60;15;MSTC*;2;13366,905194573326;0,02042316804182665
60;15;TMSTC*;2;13197,296825315845;0,015684993056122865
60;15;MSTC*;4;6874,595815189066;0,04476758434768401
60;15;TMSTC*;4;6831,805771788589;0,04501266236418593
60;15;MSTC*;2;13301,007503434523;0,014704680990115187
60;15;TMSTC*;2;13179,195237973769;0,01511314435095172
60;15;MSTC*;4;6849,195237973754;0,03855894126296871
60;15;TMSTC*;4;6833,487734174829;0,04158157013315906
60;15;MSTC*;2;13326,261615911311;0,014214524957111348
60;15;TMSTC*;2;13229,718181553155;0,015766685728290174
60;15;MSTC*;4;6925,981673778607;0,044930969692018624
60;15;TMSTC*;4;6900,079653525054;0,05391716363042235
60;15;MSTC*;2;13245,265223506964;0,012417286169430603
60;15;TMSTC*;2;13226,548773235307;0,0160934564169594
60;15;MSTC*;4;6943,432467267419;0,05105792010456662
60;15;TMSTC*;4;6871,502452800584;0,045747896413691695
60;15;MSTC*;2;13250,677633271527;0,014541295645780574
60;15;TMSTC*;2;13090,025829655893;0,01151866677559023
60;15;MSTC*;4;6907,559162746262;0,04909729597255126
60;15;TMSTC*;4;6773,7741699796725;0,037823707213462954
60;15;MSTC*;2;13270,791774681962;0,015439915039620946
60;15;TMSTC*;2;13033,497113923504;0,006290335756882608
60;15;MSTC*;4;7020,069552257263;0,0482803692508782
60;15;TMSTC*;4;6733,548773235267;0,033493995588595706
60;15;MSTC*;2;13199,882972513036;0,009476349971407564
60;15;TMSTC*;2;13182,0075034345;0,01413283228494404
60;15;MSTC*;4;6815,109090776563;0,0371701658361245
60;15;TMSTC*;4;6884,553823869158;0,04746344252920513
60;15;MSTC*;2;13234,41168824544;0,009639735315742177
60;15;TMSTC*;2;13233,92279927558;0,016501919777795932
60;15;MSTC*;4;6834,154689692107;0,03439261498243608
60;15;TMSTC*;4;6904,006060396225;0,050404378727228166
60;15;MSTC*;2;13342,22034611056;0,01748223184380361
60;15;TMSTC*;2;13249,163636164865;0,016175149089126706
60;15;MSTC*;4;6957,400143939395;0,053100236908749286
60;15;TMSTC*;4;6897,345598551113;0,050322686055060864
60;15;MSTC*;2;13360,34704158941;0,020096397353157422
60;15;TMSTC*;2;13179,22034611056;0,01584837840045748
60;15;MSTC*;4;6831,310100903344;0,03945756065680908
60;15;TMSTC*;4;6930,400865458522;0,04125479944448983
60;15;MSTC*;2;13280,707070523047;0,014377910301445961
60;15;TMSTC*;2;13228,59365063171;0,01797238787680745
60;15;MSTC*;4;6873,732900178897;0,036108161097949516
60;15;TMSTC*;4;6961,990620251347;0,047300057184870514
60;15;MSTC*;2;13265,350649185008;0,013315905563270974
60;15;TMSTC*;2;13167,792496201087;0,015194837023119027
60;15;MSTC*;4;6718,8219334525975;0,02548811371619966
60;15;TMSTC*;4;6863,228571064144;0,050486071399395475
60;15;MSTC*;2;13284,23506473632;0,015603300383955559
60;15;TMSTC*;2;13233,863203253417;0,0198513193366555
60;15;MSTC*;4;6944,604761661815;0,040601258067151376
60;15;TMSTC*;4;6842,302885712082;0,038313863246466795
60;15;MSTC*;2;13212,55310235005;0,011191896086921003
60;15;TMSTC*;2;13256,460461480747;0,019361163303651664
60;15;MSTC*;4;6817,862481734248;0,03635323911445144
60;15;TMSTC*;4;6867,350649185003;0,04942406666122049
60;15;MSTC*;2;13379,863203253417;0,01968793399232089
60;15;TMSTC*;2;13239,28066365183;0,016501919777795932
60;15;MSTC*;4;6879,218903072261;0,040601258067151376
60;15;TMSTC*;4;6897,389754428391;0,047790213217874356
60;15;MSTC*;2;13323,536219166917;0,014704680990115187
60;15;TMSTC*;2;13125,198845569399;0,011191896086921003
60;15;MSTC*;4;6800,040548281648;0,033167224899926476
60;15;TMSTC*;4;6793,709235080399;0,03684339514745527
60;15;MSTC*;2;13354,149639058256;0,016910383138632464
60;15;TMSTC*;2;13180,667243760496;0,014704680990115187
60;15;MSTC*;4;6830,253390957676;0,03431092231026877
60;15;TMSTC*;4;6867,994949366113;0,04926068131688587
60;15;MSTC*;2;13311,07676744858;0,01748223184380361
60;15;TMSTC*;2;13234,048773235307;0,016910383138632464
60;15;MSTC*;4;6930,719624591405;0,0495874520055551
60;15;TMSTC*;4;6905,897979382007;0,05195653949840699
60;15;MSTC*;2;13301,6062047001;0,015603300383955559
60;15;TMSTC*;2;13238,534776128645;0,017400539171636305
60;15;MSTC*;4;7019,029725494734;0,05710317784494731
60;15;TMSTC*;4;6911,365367810764;0,05350870026958582
60;15;MSTC*;2;13346,448628931455;0,0186259292541459
60;15;TMSTC*;2;13207,433910305723;0,018135773221142064
60;15;MSTC*;4;6965,43607486307;0,052855158892247366
60;15;TMSTC*;4;6823,990620251352;0,04738174985703782
60;15;MSTC*;2;13337,275613017948;0,01699207581079977
60;15;TMSTC*;2;13244,61948028761;0,01821746589330937
60;15;MSTC*;4;6846,482395297725;0,040192794706314844
60;15;TMSTC*;4;6897,947907412302;0,05154807613757046
60;15;MSTC*;2;13339,563491861067;0,01846254390981129
60;15;TMSTC*;2;13291,118758768454;0,019769626664488196
60;15;MSTC*;4;6971,151082096468;0,055224246385099256
60;15;TMSTC*;4;6855,942135259304;0,04419573564251287
60;15;MSTC*;2;13215,022943579406;0,010701740053917164
60;15;TMSTC*;2;13316,8764788409;0,019769626664488196
60;15;MSTC*;4;6858,58932151691;0,03929417531247447
60;15;TMSTC*;4;6878,473737068207;0,04844375459521281
60;15;MSTC*;2;13365,120201806709;0,01821746589330937
60;15;TMSTC*;2;13265,992784808739;0,020913324074830486
60;15;MSTC*;4;7092,4539678085475;0,05514255371293195
60;15;TMSTC*;4;6838,016449907241;0,045257740380687854
60;15;MSTC*;2;13243,681240867132;0,010374969365247937
60;15;TMSTC*;2;13262,433188786565;0,0186259292541459
60;15;MSTC*;4;6801,021500541129;0,03618985377011682
60;15;TMSTC*;4;6860,1571424926915;0,04313373090433788
60;15;MSTC*;2;13246,924963832953;0,01151866677559023
60;15;TMSTC*;2;13207,448628931483;0,014786373662282493
60;15;MSTC*;4;6821,568542494916;0,03504615635977453
60;15;TMSTC*;4;6893,200576850859;0,044930969692018624
60;15;MSTC*;2;13268,150360577358;0,014459602973613267
60;15;TMSTC*;2;13172,065656418437;0,013315905563270974
60;15;MSTC*;4;6894,534776128633;0,04501266236418593
60;15;TMSTC*;4;6867,866810849009;0,04795359856220897
60;15;MSTC*;2;13251,564213380167;0,011845437464259456
60;15;TMSTC*;2;13190,424242313815;0,015930071072624785
60;15;MSTC*;4;6844,0038958388595;0,03904909729597255
60;15;TMSTC*;4;6788,740836889302;0,04158157013315906
60;15;MSTC*;2;13265,40591609245;0,013479290907605588
60;15;TMSTC*;2;13105,954401084464;0,01102851074258639
60;15;MSTC*;4;6809,505338877105;0,03414753696593416
60;15;TMSTC*;4;6821,77489149882;0,04599297443019361
60;15;MSTC*;2;13245,793217720215;0,011436974103422924
60;15;TMSTC*;2;13070,75483399594;0,007597418511559513
60;15;MSTC*;4;6838,996680647578;0,03692508781962258
60;15;TMSTC*;4;6804,977344663838;0,03945756065680908
60;15;MSTC*;2;13365,819047376137;0,01748223184380361
60;15;TMSTC*;2;13185,868253887284;0,017563924515970917
60;15;MSTC*;4;6939,581096563296;0,04917898864471857
60;15;TMSTC*;4;6878,50750343448;0,05097622743239932
60;15;MSTC*;2;13388,562048822789;0,019034392614982437
60;15;TMSTC*;2;13151,29610379673;0,012580671513765216
60;15;MSTC*;4;6951,815439780472;0,04966914467772241
60;15;TMSTC*;4;6897,08571392129;0,05122130544890123
60;15;MSTC*;2;13243,407359130697;0,011845437464259456
60;15;TMSTC*;2;13210,251947919434;0,015684993056122865
60;15;MSTC*;4;6829,623087883199;0,035372927048443754
60;15;TMSTC*;4;6895,573159852884;0,05391716363042235
60;15;MSTC*;2;13238,38008643655;0,00980312066007679
60;15;TMSTC*;2;13076,98311681687;0,006208643084715301
60;15;MSTC*;4;6776,578210486799;0,030307981374070744
60;15;TMSTC*;4;6788,2329001788885;0,037987092557797565
60;15;MSTC*;2;13201,7533909577;0,01078343272608447
60;15;TMSTC*;2;13167,93535334397;0,01413283228494404
60;15;MSTC*;4;6782,667243760495;0,03447430765460338
60;15;TMSTC*;4;6835,848484627607;0,04615635977452823
60;15;MSTC*;2;13382,548051716183;0,02042316804182665
60;15;TMSTC*;2;13242,606926219223;0,016746997794297853
60;15;MSTC*;4;6876,383694032159;0,04125479944448983
60;15;TMSTC*;4;6863,151803615594;0,048035291234376276
60;15;MSTC*;2;13263,079653525056;0,012172208152928682
60;15;TMSTC*;2;13105,838816635764;0,01127358875908831
60;15;MSTC*;4;6882,819047376095;0,04158157013315906
60;15;TMSTC*;4;6852,24689728554;0,05007760803855894
60;15;MSTC*;2;13319,52005750291;0,016338534433461317
60;15;TMSTC*;2;13199,782106690085;0,014214524957111348
60;15;MSTC*;4;6988,305050269469;0,057675026550118455
60;15;TMSTC*;4;6924,875757321752;0,050731149415897396
60;15;MSTC*;2;13232,324098009989;0,009476349971407564
60;15;TMSTC*;2;13250,992063289637;0,018789314598480517
60;15;MSTC*;4;6855,249783362054;0,03888571195163794
60;15;TMSTC*;4;6850,345598551106;0,047626827873539744
60;15;MSTC*;2;13158,412409764558;0,007107262478555674
60;15;TMSTC*;2;13315,54372260144;0,02205702148517278
60;15;MSTC*;4;6781,104040142671;0,03128829344007843
60;15;TMSTC*;4;6918,947185893173;0,04917898864471857
60;15;MSTC*;2;13221,765945026069;0,010865125398251777
60;15;TMSTC*;2;13142,19668101202;0,014051139612776735
60;15;MSTC*;4;6737,880807955644;0,027693815864716934
60;15;TMSTC*;4;6896,823376490859;0,0545707050077608
60;15;MSTC*;2;13223,56782097581;0,00980312066007679
60;15;TMSTC*;2;13183,223232187038;0,014296217629278653
60;15;MSTC*;4;6781,298268354093;0,032677068866922634
60;15;TMSTC*;4;6889,01255406838;0,0557144024181031
60;15;MSTC*;2;13269,464069076366;0,014214524957111348
60;15;TMSTC*;2;13227,183405424517;0,017563924515970917
60;15;MSTC*;4;6914,387589871006;0,0433788089208398
60;15;TMSTC*;4;6876,363924772497;0,04672820847969937
60;15;MSTC*;2;13329,333766001897;0,01601176374479209
60;15;TMSTC*;2;13241,249061842931;0,017563924515970917
60;15;MSTC*;4;6871,2673880643115;0,040437872722816764
60;15;TMSTC*;4;6946,861760215132;0,04476758434768401
60;15;MSTC*;2;13315,550216273554;0,011600359447757537
60;15;TMSTC*;2;13237,447907412357;0,019279470631484354
60;15;MSTC*;4;6908,3036072312025;0,04558451106935708
60;15;TMSTC*;4;6851,011832549251;0,04819867657871089
60;15;MSTC*;2;13233,949350450606;0,012662364185932522
60;15;TMSTC*;2;13248,663636164865;0,020178090025324728
60;15;MSTC*;4;6747,754112476812;0,02802058655338616
60;15;TMSTC*;4;6819,497113923494;0,04313373090433788
60;15;MSTC*;2;13186,141414104606;0,008577730577567192
60;15;TMSTC*;2;13111,825541048242;0,0074340331672249
60;15;MSTC*;4;6748,736507774539;0,029082591291561148
60;15;TMSTC*;4;6851,8904759475145;0,047790213217874356
60;15;MSTC*;2;13297,06204882282;0,016175149089126706
60;15;TMSTC*;2;13058,853535261513;0,006535413773384528
60;15;MSTC*;4;6983,621644844942;0,057593333877951146
60;15;TMSTC*;4;6749,667243760495;0,033003839555591864
60;15;MSTC*;2;13336,434631824819;0,018380851237643984
60;15;TMSTC*;2;13063,29610379673;0,006862184462053754
60;15;MSTC*;4;6798,492063289592;0,032431990850420714
60;15;TMSTC*;4;6740,506781915358;0,030961522751409197
60;15;MSTC*;2;13246,022222060283;0,01176374479209215
60;15;TMSTC*;2;13219,519335983787;0,01601176374479209
60;15;MSTC*;4;6890,574602891153;0,04313373090433788
60;15;TMSTC*;4;6868,45440108446;0,04966914467772241
60;15;MSTC*;2;13234,809379384244;0,01127358875908831
60;15;TMSTC*;2;13278,819047376106;0,019034392614982437
60;15;MSTC*;4;6921,309379384214;0,05007760803855894
60;15;TMSTC*;4;6839,495670885239;0,04051956539498407
60;15;MSTC*;2;13338,13492043247;0,01870762192631321
60;15;TMSTC*;2;13114,324098010004;0,010211584020913324
60;15;MSTC*;4;6977,738960575134;0,054489012335593494
60;15;TMSTC*;4;6863,5702737764;0,05007760803855894
60;15;MSTC*;2;13271,62092332586;0,013887754268442121
60;15;TMSTC*;2;13165,081818082435;0,0148680663344498
60;15;MSTC*;4;6918,118758768448;0,0372518585082918
60;15;TMSTC*;4;6805,049494754396;0,04166326280532636
60;15;MSTC*;2;13388,74761880471;0,021730250796503554
60;15;TMSTC*;2;13215,50533887715;0,01699207581079977
60;15;MSTC*;4;6958,866089329884;0,05620455845110694
60;15;TMSTC*;4;6876,051659311769;0,049995915366391634
60;15;MSTC*;2;13282,406637611573;0,013397598235438282
60;15;TMSTC*;2;13245,310100903353;0,018054080548974758
60;15;MSTC*;4;6995,6223663640685;0,0520382321705743
60;15;TMSTC*;4;6917,029003975612;0,05661302181194347
60;15;MSTC*;2;13422,449350450606;0,021730250796503554
60;15;TMSTC*;2;13172,109090776594;0,01535822236745364
60;15;MSTC*;4;6891,2239537061505;0,040356180050649455
60;15;TMSTC*;4;6813,957575404173;0,04403235029817825
60;15;MSTC*;2;13336,705627484771;0,01707376848296708
60;15;TMSTC*;2;13159,41168824544;0,01462298831794788
60;15;MSTC*;4;6913,080375044178;0,04885221795604934
60;15;TMSTC*;4;6706,454401084456;0,029572747324564986
60;15;MSTC*;2;13302,749061842931;0,01601176374479209
60;15;TMSTC*;2;13222,708513561278;0,018135773221142064
60;15;MSTC*;4;7025,630591317708;0,05914549464912997
60;15;TMSTC*;4;6804,162193126603;0,04313373090433788
60;15;MSTC*;2;13391,363924772515;0,01870762192631321
60;15;TMSTC*;2;13342,488455693981;0,02058655338616126
60;15;MSTC*;4;7004,28816708633;0,052365002859243524
60;15;TMSTC*;4;6928,081818082432;0,05195653949840699
60;15;MSTC*;2;13256,311543941609;0,01225390082509599
60;15;TMSTC*;2;13130,195237973783;0,01029327669308063
60;15;MSTC*;4;6829,854256780637;0,03618985377011682
60;15;TMSTC*;4;6846,520779021988;0,04648313046319745
60;15;MSTC*;2;13272,935353343946;0,012825749530267135
60;15;TMSTC*;2;13234,033333090423;0,01797238787680745
60;15;MSTC*;4;6911,146031462598;0,048362061923045506
60;15;TMSTC*;4;6877,693794935513;0,05359039294175313
60;15;MSTC*;2;13367,776334537075;0,019769626664488196
60;15;TMSTC*;2;13195,254112476814;0,015930071072624785
60;15;MSTC*;4;6855,821933452608;0,04027448737848215
60;15;TMSTC*;4;6916,964069076326;0,03921248264030716
60;40;MSTC*;2;9880,639249547237;0,020368012961462793
60;40;TMSTC*;2;9880,13780650899;0,02453419743085291
60;40;MSTC*;4;5449,272005422281;0,11665316514292327
60;40;TMSTC*;4;5481,984126579211;0,12683717162365468
60;15;MSTC*;2;13225,609812295703;0,008986193938403724
60;15;TMSTC*;2;13215,034054609547;0,017645617188138223
60;15;MSTC*;4;6762,984559855112;0,028429049914222695
60;15;TMSTC*;4;7022,738239056006;0,05399885630258966
60;40;MSTC*;2;10075,26450198784;0,039463025112834164
60;40;TMSTC*;2;10006,250504881204;0,03842147899548663
60;40;MSTC*;4;5351,98023074034;0,09651660687420438
60;40;TMSTC*;4;5429,534054609492;0,11700034718203911
60;15;MSTC*;2;13296,934631824846;0,013887754268442121
60;15;TMSTC*;2;13274,188022782544;0,02156686545216894
60;15;MSTC*;4;6879,538383724264;0,04378727228167633
60;15;TMSTC*;4;6863,9274166335235;0,05097622743239932
60;40;MSTC*;2;10188,577488967678;0,04860548547621803
60;40;TMSTC*;2;10056,149639058232;0,043282027543108434
60;40;MSTC*;4;5541,171139599341;0,13216062955676428
60;40;TMSTC*;4;5508,97085099169;0,13285499363499595
60;40;MSTC*;2;10187,331601444526;0,04883694016896192
60;40;TMSTC*;2;10162,188022782544;0,05161439648188867
60;40;MSTC*;4;5429,96652187693;0,11028816109246616
60;40;TMSTC*;4;5424,980518983563;0,112834162712649
60;40;MSTC*;2;10226,875035802683;0,052424487906492304
60;40;TMSTC*;2;10102,419913199059;0,04640666589515102
60;40;MSTC*;4;5630,025396379982;0,14789954866334915
60;40;TMSTC*;4;5534,436074863055;0,1375998148362458
60;15;MSTC*;2;13299,563491861041;0,013070827546769056
60;15;TMSTC*;2;13195,177633271502;0,014214524957111348
60;15;MSTC*;4;6738,167965279621;0,02712196715954579
60;15;TMSTC*;4;6842,560605784534;0,04002940936198023
60;15;MSTC*;2;13207,12669547885;0,008169267216730659
60;15;TMSTC*;2;13201,882972513036;0,01723715382730169
60;15;MSTC*;4;6887,321933452601;0,03741524385262642
60;15;TMSTC*;4;6862,550937792656;0,050731149415897396
60;40;MSTC*;2;10275,675468714157;0,05797940053234579
60;40;TMSTC*;2;10151,133477394247;0,05335030667746789
60;40;MSTC*;4;5572,512120792457;0,13632681402615437
60;40;TMSTC*;4;5437,82582929145;0,11908343941673417
60;15;MSTC*;2;13264,79177468199;0,014704680990115187
60;15;TMSTC*;2;13277,679076309754;0,020096397353157422
60;15;MSTC*;4;6903,479509221226;0,04746344252920513
60;15;TMSTC*;4;6820,3402596740025;0,04484927701985132
60;40;MSTC*;2;10140,40591609245;0,04420784631408402
60;40;TMSTC*;2;10081,749061842931;0,04467075569957181
60;40;MSTC*;4;5469,168975041962;0,11630598310380744
60;40;TMSTC*;4;5476,367820611357;0,12417544265709987
60;15;MSTC*;2;13239,081096563323;0,010048198676578711
60;15;TMSTC*;2;13067,951515007977;0,008332652561065272
60;15;MSTC*;4;6843,177633271489;0,03708847316395719
60;15;TMSTC*;4;6804,533333090374;0,03872232660730333
60;15;MSTC*;2;13206,595815189072;0,01078343272608447
60;15;TMSTC*;2;13243,06421338019;0,018544236581978596
60;15;MSTC*;4;6834,719624591391;0,035291234376276445
60;15;TMSTC*;4;6852,279942132689;0,047871905890041665
60;40;MSTC*;2;10460,713130919274;0,07302395556069899
60;40;TMSTC*;2;10363,099711027984;0,06932068047679667
60;40;MSTC*;4;5472,704905965643;0,1174632565675269
60;40;TMSTC*;4;5445,2131309192355;0,11271843536627706
60;40;MSTC*;2;10348,101154066191;0,06376576785094318
60;40;TMSTC*;2;10312,243289689966;0,06561740539289435
60;40;MSTC*;4;5661,135208675665;0,1506770049762759
60;40;TMSTC*;4;5701,17575695731;0,16410137715542183
60;40;MSTC*;2;9938,609812295717;0,022451105196157853
60;40;TMSTC*;2;9842,72467522529;0,020946649693322533
60;40;MSTC*;4;5404,191630378112;0,10415461173475292
60;40;TMSTC*;4;5421,7145739575135;0,11132970720981368
60;40;MSTC*;2;10142,590764555187;0,045017937738687654
60;40;TMSTC*;2;10077,904473054203;0,04409211896771207
60;40;MSTC*;4;5421,536940686007;0,10924661497511862
60;40;TMSTC*;4;5398,384703794502;0,11063534313158199
60;40;MSTC*;2;10572,556998188908;0,0858696910079852
60;40;TMSTC*;2;10566,76984086499;0,0904987848628631
60;40;MSTC*;4;6352,947474136412;0,2031014928827682
60;40;TMSTC*;4;5964,474025311409;0,21895613933572503
60;40;MSTC*;2;10226,633477394218;0,052308760560120356
60;40;TMSTC*;2;10253,917748641714;0,06168267561624812
60;40;MSTC*;4;5670,69552621698;0,1288045365119778
60;40;TMSTC*;4;5558,7802303759145;0,1433861821548432
60;40;MSTC*;2;10159,134920432496;0,04420784631408402
60;40;TMSTC*;2;10208,118758768487;0,05520194421941905
60;40;MSTC*;4;5756,646752981698;0,17162365466959842
60;40;TMSTC*;4;5773,721355872866;0,17879875014465918
60;40;MSTC*;2;10580,067387699915;0,08529105427612545
60;40;TMSTC*;2;10540,082827844853;0,08795278324268024
60;40;MSTC*;4;5892,971860754046;0,19210739497743318
60;40;TMSTC*;4;5835,813996742183;0,18851984723990278
60;40;MSTC*;2;10490,470850991764;0,07672723064460132
60;40;TMSTC*;2;10495,241125132594;0,08054623307487559
60;40;MSTC*;4;5954,3268390538005;0,20969795162596921
60;40;TMSTC*;4;5896,44242350252;0,20194421941904872
60;40;MSTC*;2;9992,536940686043;0,02974192801759056
60;40;TMSTC*;2;10088,277777575353;0,04362920958222428
60;40;MSTC*;4;5490,23073562152;0,10253442888554565
60;40;TMSTC*;4;5432,876478840894;0,11711607452841107
60;40;MSTC*;2;10090,648196019978;0,04062029857655364
60;40;TMSTC*;2;10047,291053162864;0,04200902673301701
60;40;MSTC*;4;5547,914141046011;0,13343363036685568
60;40;TMSTC*;4;5543,87142820698;0,1360953593334105
60;40;MSTC*;2;9924,010389511017;0,023724106006249277
60;40;TMSTC*;2;9895,779942132705;0,026501562319176022
60;40;MSTC*;4;5429,332322963606;0,11109825251706978
60;40;TMSTC*;4;5400,315439780462;0,1123712533271612
60;40;MSTC*;2;10017,249061842931;0,03309802106237704
60;40;TMSTC*;2;9957,606204700074;0,03425529452609652
60;40;MSTC*;4;5457,646752981699;0,11688461983566717
60;40;TMSTC*;4;5452,6542564162;0,12197662307603287
60;40;MSTC*;2;10088,352092223276;0,04096748061566948
60;40;TMSTC*;2;9988,780663651847;0,03911584307371832
60;40;MSTC*;4;5415,618758768442;0,1101724337460942
60;40;TMSTC*;4;5511,700576850867;0,13597963198703852
60;40;MSTC*;2;10348,315439780517;0,06249276704085175
60;40;TMSTC*;2;10281,015728388167;0,0623770396944798
60;40;MSTC*;4;5928,063058585123;0,2009026733017012
60;40;TMSTC*;4;5798,981962021798;0,1851637541951163
60;15;MSTC*;2;13200,397691138804;0,010620047381749856
60;15;TMSTC*;2;13166,63492043247;0,01413283228494404
60;15;MSTC*;4;6847,323664734065;0,04125479944448983
60;15;TMSTC*;4;6882,601154066171;0,0495874520055551
60;40;MSTC*;2;10306,431745748314;0,058442309917833585
60;40;TMSTC*;2;10216,246175766426;0,05566485360490684
60;40;MSTC*;4;5539,695526216972;0,12938317324383752
60;40;TMSTC*;4;5488,554112112369;0,12730008100914247
60;40;MSTC*;2;10367,94285677849;0,0650387686610346
60;40;TMSTC*;2;10294,14314538614;0,0645758592755468
60;40;MSTC*;4;5575,524674860837;0,13644254137252632
60;40;TMSTC*;4;5537,667532003693;0,13459090383057518
60;40;MSTC*;2;10151,447907412357;0,04258766346487675
60;40;TMSTC*;2;10058,076767448552;0,04119893530841338
60;40;MSTC*;4;5447,045165639617;0,11121397986344173
60;40;TMSTC*;4;5452,045165639637;0,1201249855340817
60;40;MSTC*;2;10270,674747194998;0,055433398912162944
60;40;TMSTC*;2;10162,433188786568;0,05323457933109594
60;40;MSTC*;4;5579,98124050269;0,13794699687536166
60;40;TMSTC*;4;5503,371428207003;0,12996180997569726
60;40;MSTC*;2;10035,978787702104;0,03437102187246847
60;40;TMSTC*;2;10064,834487520993;0,0427033908112487
60;40;MSTC*;4;5461,2131309192455;0,11572734637194769
60;40;TMSTC*;4;5455,724963468502;0,11943062145585001
60;40;MSTC*;2;10219,918470160805;0,05196157852100451
60;40;TMSTC*;2;10059,218903072282;0,043282027543108434
60;40;MSTC*;4;5517,381817717993;0,1281101724337461
60;40;TMSTC*;4;5589,366377573108;0,14477491031130657
60;40;MSTC*;2;10124,706349003924;0,045017937738687654
60;40;TMSTC*;2;10123,504617357996;0,05057285036454114
60;40;MSTC*;4;5499,405194573269;0,12695289897002662
60;40;TMSTC*;4;5632,408368893006;0,15819928249045248
60;40;MSTC*;2;10233,175468714127;0,05578058095127879
60;40;TMSTC*;2;10186,604040142698;0,05497048952667515
60;40;MSTC*;4;5376,625252440584;0,10427033908112487
60;40;TMSTC*;4;5372,166522241368;0,10681634070130772
60;40;MSTC*;2;10055,236507774547;0,03668556879990742
60;40;TMSTC*;2;10023,835209040144;0,039925934498321956
60;40;MSTC*;4;5579,713130919246;0,13621108667978243
60;40;TMSTC*;4;5577,2396820942595;0,14408054623307487
60;40;MSTC*;2;10112,07893200595;0,04212475407938896
60;40;TMSTC*;2;10064,33520904012;0,044439301006827914
60;40;MSTC*;4;5448,179076309739;0,11885198472399028
60;40;TMSTC*;4;5396,30505026946;0,11572734637194769
60;40;MSTC*;2;10611,725684987656;0,08899432936002777
60;40;TMSTC*;2;10605,45324628951;0,09362342321490569
60;40;MSTC*;4;6525,026406142327;0,21467422751996296
60;40;TMSTC*;4;6469,2126976433465;0,2203448674921884
60;40;MSTC*;2;10237,618758768487;0,052887397291980096
60;40;TMSTC*;2;10083,777777575353;0,04397639162134012
60;40;MSTC*;4;5565,830879925334;0,1351695405624349
60;40;TMSTC*;4;5510,082106325649;0,1303089920148131
60;40;MSTC*;2;10158,99062025139;0,04582802916329128
60;40;TMSTC*;2;9983,521500541157;0,0349496586043282
60;40;MSTC*;4;5487,7278495450055;0,12024071288045365
60;40;TMSTC*;4;5337,358874138614;0,10033560930447864
60;40;MSTC*;2;10401,028282456557;0,06422867723643097
60;40;TMSTC*;2;10395,527560937433;0,07105659067237588
60;40;MSTC*;4;5786,582106325626;0,170350653859507
60;40;TMSTC*;4;5840,0673876998635;0,18747830112255526
60;40;MSTC*;2;9918,739393851052;0,02302974192801759
60;40;TMSTC*;2;9860,453679565338;0,021641013771554217
60;40;MSTC*;4;5394,278499094451;0,09894688114801528
60;40;TMSTC*;4;5329,487734174843;0,09582224279597269
60;40;MSTC*;2;10217,59365063169;0,0526559425992362
60;40;TMSTC*;2;10092,22251066793;0,0477953940516144
60;40;MSTC*;4;5911,414862565152;0,15542182617752576
60;40;TMSTC*;4;5634,641702347826;0,15738919106584887
60;40;MSTC*;2;10255,53116853305;0,053003124638352044
60;40;TMSTC*;2;10204,830879925403;0,054739034833931256
60;40;MSTC*;4;5465,095815189056;0,11850480268487444
60;40;TMSTC*;4;5465,056998188873;0,1179261659530147
60;40;MSTC*;2;10092,891918985788;0,038305751649114685
60;40;TMSTC*;2;10010,806493307724;0,03610693206804768
60;40;MSTC*;4;5378,213130919249;0,09871542645527139
60;40;TMSTC*;4;5361,120923325833;0,10010415461173475
60;40;MSTC*;2;9988,066377937563;0,03066774678856614
60;40;TMSTC*;2;9949,208513561278;0,03309802106237704
60;40;MSTC*;4;5365,405916092409;0,1004513366508506
60;40;TMSTC*;4;5341,104040142675;0,10149288276819812
60;40;MSTC*;2;10152,67619023325;0,04420784631408402
60;40;TMSTC*;2;10140,133477394218;0,04721675731975466
60;40;MSTC*;4;5660,426695114405;0,14720518458511747
60;40;TMSTC*;4;5616,6696965610845;0,1462793658141419
60;40;MSTC*;2;10559,480518983599;0,07892605022566833
60;40;TMSTC*;2;10385,495959128486;0,0720981367897234
60;40;MSTC*;4;5798,231745383882;0,172549473440574
60;40;TMSTC*;4;5676,478354426198;0,15762064575859275
60;15;MSTC*;2;13321,27489149882;0,016746997794297853
60;15;TMSTC*;2;13196,379364917402;0,015603300383955559
60;15;MSTC*;4;6822,884415551284;0,0372518585082918
60;15;TMSTC*;4;6894,01789294549;0,052610080875745445
60;40;MSTC*;2;10401,230735621539;0,06735331558847356
60;40;TMSTC*;2;10284,531168533014;0,06191413030899202
60;40;MSTC*;4;5550,809379384218;0,13389653975234347
60;40;TMSTC*;4;5563,9575754042;0,13354935771322762
60;40;MSTC*;2;10203,24761880471;0,049299849554449715
60;40;TMSTC*;2;10035,791774681964;0,03842147899548663
60;40;MSTC*;4;5389,612265096292;0,10126142807545423
60;40;TMSTC*;4;5336,059884265399;0,09547506075685684
60;40;MSTC*;2;10248,61803724933;0,05462330748755931
60;40;TMSTC*;2;10241,55988426541;0,06075685684527254
60;40;MSTC*;4;5646,609379019792;0,14859391274158085
60;40;TMSTC*;4;5650,350215909091;0,15681055433398913
60;40;MSTC*;2;10217,57532441033;0,051845851174632564
60;40;TMSTC*;2;10178,316882818766;0,0526559425992362
60;40;MSTC*;4;5793,534342852722;0,17474829302164102
60;40;TMSTC*;4;5776,821500176695;0,17926165953014697
60;40;MSTC*;2;10116,877200360026;0,044323573660455966
60;40;TMSTC*;2;10029,249061842931;0,04143039000115727
60;40;MSTC*;4;5407,160028569223;0,10924661497511862
60;40;TMSTC*;4;5433,687301263362;0,11653743779655132
60;40;MSTC*;2;10258,01789294554;0,05705358176137021
60;40;TMSTC*;2;10172,833044482773;0,05566485360490684
60;40;MSTC*;4;5721,758729834774;0,1696562897812753
60;40;TMSTC*;4;5693,730014102375;0,16849901631755584
60;40;MSTC*;2;10023,506781915374;0,03298229371600509
60;40;TMSTC*;2;9954,192351897262;0,03263511167688925
60;40;MSTC*;4;5569,215295476614;0,12683717162365468
60;40;TMSTC*;4;5567,556998188867;0,1400300891100567
60;40;MSTC*;2;10220,490620251361;0,051267214442772824
60;40;TMSTC*;2;10242,874314283521;0,05913667399606527
60;40;MSTC*;4;5507,9995667240955;0,12452262469621572
60;40;TMSTC*;4;5512,311110665684;0,1303089920148131
60;40;MSTC*;2;10150,3050502695;0,045480847124175446
60;40;TMSTC*;2;10079,148196019978;0,0451336650850596
60;40;MSTC*;4;5516,490620251334;0,12614280754542298
60;40;TMSTC*;4;5500,619480287557;0,12903599120472167
60;40;MSTC*;2;9935,33881663575;0,024765652123596806
60;40;TMSTC*;2;9890,395526581418;0,026848744358291866
60;40;MSTC*;4;5532,573881372022;0,1303089920148131
60;40;TMSTC*;4;5457,774169979674;0,12243953246152066
60;40;MSTC*;2;10224,730014102453;0,048721212822589975
60;40;TMSTC*;2;10092,474458587383;0,04351348223585233
60;40;MSTC*;4;5685,962914281289;0,15345446128920265
60;40;TMSTC*;4;5683,969407953462;0,15970373799328783
60;40;MSTC*;2;10088,291774681964;0,04038884388380974
60;40;TMSTC*;2;10057,534776128645;0,043166300196736486
60;40;MSTC*;4;5621,168975041964;0,148246730702465
60;40;TMSTC*;4;5618,953967808545;0,14905682212706864
60;40;MSTC*;2;10356,616594211078;0,06272422173359565
60;40;TMSTC*;2;10277,931024229189;0,0623770396944798
60;40;MSTC*;4;5361,685136705992;0,095127878717741
60;40;TMSTC*;4;5411,126983722067;0,10947806966786251
60;40;MSTC*;2;10093,362481734293;0,039347297766462216
60;40;TMSTC*;2;10045,819047376137;0,04108320796204143
60;40;MSTC*;4;5458,026117899106;0,1104038884388381
60;40;TMSTC*;4;5431,5666661807545;0,11352852679088068
60;40;MSTC*;2;10208,9759016256;0,051267214442772824
60;40;TMSTC*;2;10015,634198913343;0,04015738919106585
60;40;MSTC*;4;5417,808657865098;0,1099409790533503
60;40;TMSTC*;4;5399,092207593435;0,11318134475176485
60;40;MSTC*;2;10414,713130919274;0,06793195232033329
60;40;TMSTC*;2;10424,411976488671;0,07580141187362574
60;40;MSTC*;4;5854,314284985412;0,1851637541951163
60;40;TMSTC*;4;5808,841990955455;0,18400648073139683
60;40;MSTC*;2;10273,276334537075;0,05612776299039463
60;40;TMSTC*;2;10160,192351897262;0,05057285036454114
60;40;MSTC*;4;5417,014285349854;0,11075107047795395
60;40;TMSTC*;4;5327,137806508961;0,09732669829880801
60;40;MSTC*;2;10068,29249620109;0,03680129614627937
60;40;TMSTC*;2;9973,721789148785;0,03344520310149288
60;40;MSTC*;4;5481,41558408428;0,12093507695868534
60;40;TMSTC*;4;5436,6916303781145;0,11676889248929521
60;40;MSTC*;2;10301,28816708637;0,05693785441499826
60;40;TMSTC*;2;10237,774169979733;0,056474945029510476
60;40;MSTC*;4;5521,525396379985;0,12845735447286194
60;40;TMSTC*;4;5553,1761902332255;0,13840990626084945
60;40;MSTC*;2;10359,27200542232;0,0645758592755468
60;40;TMSTC*;2;10295,173304156784;0,06631176947112603
60;40;MSTC*;4;5760,352380466477;0,17486402036801296
60;40;TMSTC*;4;5738,135208675672;0,1741696562897813
60;40;MSTC*;2;10083,122366364107;0,03795856960999884
60;40;TMSTC*;2;10030,693794935536;0,038884388380974425
60;40;MSTC*;4;5461,274891498804;0,11734752922115496
60;40;TMSTC*;4;5526,7027414082495;0,12973035528295337
60;40;MSTC*;2;10036,6062047001;0,032172202291401455
60;40;TMSTC*;2;9915,42135623731;0,028006017822011342
60;40;MSTC*;4;5354,219624591385;0,09373915056127763
60;40;TMSTC*;4;5374,313996742199;0,10207151950005787
60;40;MSTC*;2;10180,891918985813;0,04895266751533387
60;40;TMSTC*;2;10181,519335983787;0,0550862168730471
60;40;MSTC*;4;5502,25266943855;0,12741580835551441
60;40;TMSTC*;4;5472,200576850858;0,1278787177410022
60;40;MSTC*;2;10101,04877323528;0,041314662654785325
60;40;TMSTC*;2;10037,919913199059;0,041893299386645065
60;40;MSTC*;4;5491,927416633532;0,12648998958453883
60;40;TMSTC*;4;5454,41053345039;0,12336535123249624
60;40;MSTC*;2;10087,907359130675;0,036338386760791576
60;40;TMSTC*;2;10146,847763108504;0,047911121397986346
60;40;MSTC*;4;5407,709235080396;0,10230297419280177
60;40;TMSTC*;4;5469,685858225116;0,12093507695868534
60;40;MSTC*;2;10315,202741408304;0,0577479458396019
60;40;TMSTC*;2;10266,816882818766;0,05878949195694943
60;40;MSTC*;4;5794,9083688930095;0,1781043860664275
60;40;TMSTC*;4;5799,7913414060395;0,18203911584307372
60;40;MSTC*;2;10383,673304156744;0,06561740539289435
60;40;TMSTC*;2;10371,557719708033;0,07105659067237588
60;40;MSTC*;4;6018,794227482555;0,15484318944566602
60;40;TMSTC*;4;5724,505627120333;0,16977201712764725
60;40;MSTC*;2;10523,584992402177;0,07869459553292443
60;40;TMSTC*;2;10486,026839418259;0,08355514408054623
60;40;MSTC*;4;6001,791053162833;0,21606295567642633
60;40;TMSTC*;4;5914,828282092046;0,20275431084365236
60;40;MSTC*;2;10208,791774681964;0,04918412220807777
60;40;TMSTC*;2;10284,346320070252;0,0599467654206689
60;40;MSTC*;4;5581,809667627437;0,14188172665200788
60;40;TMSTC*;4;5630,337661840707;0,15681055433398913
60;40;MSTC*;2;9933,936796382197;0,02198819581067006
60;40;TMSTC*;2;9899,80721482685;0,023955560698993173
60;40;MSTC*;4;5402,645309943453;0,1024187015391737
60;40;TMSTC*;4;5448,301442673816;0,11561161902557575
60;40;MSTC*;2;10129,520779022008;0,040041661844693904
60;40;TMSTC*;2;10087,562770341916;0,04351348223585233
60;40;MSTC*;4;5379,01212079247;0,09732669829880801
60;40;TMSTC*;4;5385,154256416199;0,10635343131581992
60;40;MSTC*;2;10091,77922061358;0,04409211896771207
60;40;TMSTC*;2;10063,921356237312;0,04663812058789492
60;40;MSTC*;4;5565,426695114412;0,1422289086911237
60;40;TMSTC*;4;5497,637084989846;0,13435944913783127
60;40;MSTC*;2;9991,137084989867;0,031477838213169775
60;40;TMSTC*;2;9902,366810849022;0,02754310843652355
60;40;MSTC*;4;5578,114429653668;0,1400300891100567
60;40;TMSTC*;4;5497,6402593095745;0,1276472630482583
60;40;MSTC*;2;10272,561327303663;0,05635921768313853
60;40;TMSTC*;2;10079,733621698073;0,04397639162134012
60;40;MSTC*;4;5464,686579744242;0,11642171045017938
60;40;TMSTC*;4;5427,02366509851;0,11954634880222197
60;40;MSTC*;2;9999,564934899314;0,028700381900243026
60;40;TMSTC*;2;9952,121644844983;0,029510473324846662
60;40;MSTC*;4;5609,570273776383;0,14199745399837982
60;40;TMSTC*;4;5558,383260756257;0,13875708829996528
60;40;MSTC*;2;10125,791053162864;0,04015738919106585
60;40;TMSTC*;2;10016,763058949593;0,03483393125795625
60;40;MSTC*;4;5849,068109218987;0,18701539173706747
60;40;TMSTC*;4;5764,5975464705125;0,17648420321722022
60;40;MSTC*;2;9954,079653525074;0,027080199051035758
60;40;TMSTC*;2;9868,522943579388;0,026154380280060178
60;40;MSTC*;4;5473,861038695982;0,11954634880222197
60;40;TMSTC*;4;5432,820490414355;0,11908343941673417
60;40;MSTC*;2;10209,817604337855;0,049878486286309455
60;40;TMSTC*;2;10149,675468714124;0,04953130424719361
60;40;MSTC*;4;5570,269119345792;0,1325078115958801
60;40;TMSTC*;4;5518,283116452425;0,13216062955676428
60;40;MSTC*;2;10137,334487520993;0,04235620877213286
60;40;TMSTC*;2;10110,791774681964;0,04420784631408402
60;40;MSTC*;4;5584,111543577169;0,14037727114917256
60;40;TMSTC*;4;5577,811110665692;0,14350190950121514
60;40;MSTC*;2;10296,489177213109;0,05797940053234579
60;40;TMSTC*;2;10370,416305603427;0,06700613354935771
60;40;MSTC*;4;5584,238960575132;0,1344751764842032
60;40;TMSTC*;4;5707,706637247093;0,16005092003240365
60;40;MSTC*;2;10229,277056056202;0,05323457933109594
60;40;TMSTC*;2;10163,291053162835;0,05277166994560815
60;40;MSTC*;4;5581,585713921281;0,13644254137252632
60;40;TMSTC*;4;5581,884703794501;0,14188172665200788
60;40;MSTC*;2;9990,36536781079;0,0300891100567064
60;40;TMSTC*;2;9952,950793488853;0,03055201944219419
60;40;MSTC*;4;5530,825829291463;0,1303089920148131
60;40;TMSTC*;4;5520,883982275381;0,13146626547853257
60;40;MSTC*;2;10271,147474500884;0,051845851174632564
60;40;TMSTC*;2;10200,84704158941;0,05358176137021178
60;40;MSTC*;4;5703,394371786371;0,1575049184122208
60;40;TMSTC*;4;5695,294949001677;0,16340701307719013
60;40;MSTC*;2;9990,736507774545;0,027427381090151602
60;40;TMSTC*;2;9877,06565641842;0,024302742738109014
60;40;MSTC*;4;5386,686579744234;0,09952551787987501
60;40;TMSTC*;4;5412,372871245251;0,09235042240481425
60;40;MSTC*;2;10221,375757321774;0,051845851174632564
60;40;TMSTC*;2;10064,548051716154;0,0429348455039926
60;40;MSTC*;4;5668,515006868964;0,15276009721097095
60;40;TMSTC*;4;5718,823664734075;0,1404929984955445
60;40;MSTC*;2;10216,746175766428;0,05196157852100451
60;40;TMSTC*;2;10132,089321516934;0,05115148709640088
60;40;MSTC*;4;5490,652813377951;0,12429117000347183
60;40;TMSTC*;4;5535,280230375912;0,13864136095359333
60;40;MSTC*;2;10096,735786255424;0,040041661844693904
60;40;TMSTC*;2;10035,778499094456;0,04038884388380974
60;40;MSTC*;4;5525,545887158758;0,13192917486402037
60;40;TMSTC*;4;5495,088599997791;0,13378081240597153
60;40;MSTC*;2;10150,805771788624;0,04582802916329128
60;40;TMSTC*;2;10145,847763108504;0,051267214442772824
60;40;MSTC*;4;5601,870706687861;0,14280754542298346
60;40;TMSTC*;4;5550,469407953433;0,1385256336072214
60;50;MSTC*;2;8448,435353343923;0,04929870851270657
60;50;TMSTC*;2;8443,521500541134;0,05040966532426052
60;50;MSTC*;4;4860,327272329716;0,19122344118872378
60;50;TMSTC*;4;4830,446464374071;0,1887237883627274
60;40;MSTC*;2;10316,216016995777;0,06052540215252864
60;40;TMSTC*;2;10248,244732728213;0,06006249276704085
60;40;MSTC*;4;5715,799278116419;0,16444855919453766
60;40;TMSTC*;4;5689,61442965366;0,16456428654090963
60;40;MSTC*;2;10227,403030015917;0,05335030667746789
60;40;TMSTC*;2;10154,089321516933;0,05161439648188867
60;40;MSTC*;4;5608,322943214946;0,1453535470431663
60;40;TMSTC*;4;5577,35454502385;0,1354009952551788
60;40;MSTC*;2;10370,029725494804;0,06631176947112603
60;40;TMSTC*;2;10253,673304156784;0,06307140377271149
60;40;MSTC*;4;5687,278065818528;0,15403309802106238
60;40;TMSTC*;4;5597,650648820562;0,14616363846776995
60;40;MSTC*;2;10018,06421338019;0,03298229371600509
60;40;TMSTC*;2;10102,018614464663;0,04663812058789492
60;40;MSTC*;4;5478,640980828694;0,11931489410947807
60;40;TMSTC*;4;5400,442135259303;0,11109825251706978
60;40;MSTC*;2;10304,51644990725;0,057285036454114105
60;40;TMSTC*;2;10240,388311390157;0,05670639972225437
60;40;MSTC*;4;5681,3347757642005;0,15276009721097095
60;40;TMSTC*;4;5576,866377573107;0,13817845156810554
60;40;MSTC*;2;10503,683693667752;0,0776530494155769
60;40;TMSTC*;2;10431,726406506781;0,07684295799097327
60;40;MSTC*;4;5687,633477394208;0,15681055433398913
60;40;TMSTC*;4;5947,577055691768;0,1409559078810323
60;50;MSTC*;2;8271,894805062291;0,02707957228162755
60;50;TMSTC*;2;8352,721789148785;0,03874461880294403
60;50;MSTC*;4;4631,156420973597;0,12845438133592557
60;50;TMSTC*;4;4650,234343217162;0,14261908068323845
60;40;MSTC*;2;10528,327272329783;0,07938895961115612
60;40;TMSTC*;2;10478,0842708831;0,08066196042124754
60;40;MSTC*;4;6002,655266178544;0,21733595648651777
60;40;TMSTC*;4;6038,0676759431;0,22705705358176137
60;50;MSTC*;2;8362,223953706163;0,03846687960005555
60;50;TMSTC*;2;8280,05238083091;0,033050965143730036
60;50;MSTC*;4;4674,888311390154;0,14997916955978335
60;50;TMSTC*;4;4620,018614464629;0,14234134148034996
60;50;MSTC*;2;8272,581818082423;0,028607137897514234
60;50;TMSTC*;2;8229,181962386258;0,028607137897514234
60;50;MSTC*;4;4540,221789148786;0,12109429245938064
60;50;TMSTC*;4;4634,0178929455;0,12359394528537702
60;50;MSTC*;2;8532,462626038063;0,05735314539647271
60;50;TMSTC*;2;8493,40591609242;0,055270101374809054
60;50;MSTC*;4;4903,080663287401;0,19941674767393416
60;50;TMSTC*;4;4899,366377573116;0,19733370365227051
60;50;MSTC*;2;8686,045165639649;0,0759616719900014
60;50;TMSTC*;2;8686,68730126338;0,07776697680877656
60;50;MSTC*;4;4960,916305603424;0,2055270101374809
60;50;TMSTC*;4;4956,66248136983;0,21455353423135676
60;50;MSTC*;2;8659,618758768456;0,06915706151923344
60;50;TMSTC*;2;8659,003895838869;0,07137897514234134
60;50;MSTC*;4;4943,554112112383;0,20719344535481182
60;50;TMSTC*;4;4935,779508856796;0,20691570615192334
60;40;MSTC*;2;10444,999566724113;0,07151950005786367
60;40;TMSTC*;2;10340,728571064206;0,06827913435944914
60;40;MSTC*;4;5819,4158723274995;0,17845156810554333
60;40;TMSTC*;4;6013,020345746081;0,1732438375188057
60;50;MSTC*;2;8772,259451353933;0,0867935009026524
60;50;TMSTC*;2;8787,244011209046;0,09082071934453548
60;50;MSTC*;4;5141,364213015726;0,2587140674906263
60;50;TMSTC*;4;5100,378643398262;0,24371615053464796
60;40;MSTC*;2;10293,375757321806;0,06006249276704085
60;40;TMSTC*;2;10168,961904518994;0,052308760560120356
60;40;MSTC*;4;5619,41414104602;0,14685800254600162
60;40;TMSTC*;4;5593,482683540938;0,14882536743432473
60;50;MSTC*;2;8764,001009762365;0,08290515206221358
60;50;TMSTC*;2;8750,328715367985;0,08290515206221358
60;50;MSTC*;4;4735,841990955487;0,1617830856825441
60;50;TMSTC*;4;4833,553390593263;0,18677961394250797
60;50;MSTC*;2;8714,903030015917;0,07929454242466324
60;50;TMSTC*;2;8704,831601444455;0,08026662963477295
60;50;MSTC*;4;4954,5196242269785;0,20524927093459241
60;50;TMSTC*;4;4960,87676708412;0,21052631578947367
60;50;MSTC*;2;8497,921356237308;0,055408970976253295
60;50;TMSTC*;2;8487,763780468691;0,05679766699069574
60;50;MSTC*;4;4874,580663287402;0,19330648521038746
60;50;TMSTC*;4;4824,714573957508;0,1874739619497292
60;50;MSTC*;2;8488,96406907632;0,052770448548812667
60;50;TMSTC*;2;8465,892640504891;0,05346479655603389
60;50;MSTC*;4;4854,512120792482;0,1881683099569504
60;50;TMSTC*;4;4804,974458587335;0,18011387307318427
60;50;MSTC*;2;8739,246175766393;0,08304402166365782
60;50;TMSTC*;2;8733,288888605457;0,08443271767810026
60;50;MSTC*;4;4771,201298370004;0,17080960977641993
60;50;TMSTC*;4;4848,065944661644;0,16830995695042356
60;50;MSTC*;2;8557,49062025136;0,05707540619358423
60;50;TMSTC*;2;8517,376478840899;0,05707540619358423
60;50;MSTC*;4;4973,909811931268;0,21205388140536036
60;50;TMSTC*;4;4957,8950933055075;0,2099708373836967
60;50;MSTC*;2;8550,134920432447;0,05818636300513817
60;50;TMSTC*;2;8618,36176021511;0,06749062630190251
60;50;MSTC*;4;4882,83766184072;0,19483405082627414
60;50;TMSTC*;4;4854,5828278447825;0,18997361477572558
60;50;MSTC*;2;8505,506060396247;0,05290931815025691
60;50;TMSTC*;2;8543,548051716152;0,058880711012359394
60;50;MSTC*;4;4763,512842311609;0,16830995695042356
60;50;TMSTC*;4;4746,498123685849;0,16553256492153867
60;50;MSTC*;2;8581,305050269444;0,06249132064990973
60;50;TMSTC*;2;8547,605483180922;0,06096375503402305
60;50;MSTC*;4;4814,910533450406;0,17664213303707818
60;50;TMSTC*;4;4849,08138480653;0,18455770031940008
60;50;MSTC*;2;8785,903030015917;0,08554367448965422
60;50;TMSTC*;2;8740,96046148071;0,08221080405499236
60;50;MSTC*;4;5113,568109219009;0,1716428273850854
60;50;TMSTC*;4;4859,1380947521975;0,18261352589918067
60;50;MSTC*;2;9095,937084625415;0,1209554228579364
60;50;TMSTC*;2;9104,508513196844;0,124149423691154
60;50;MSTC*;4;4852,724241949389;0,17733648104429942
60;50;TMSTC*;4;4820,31038914658;0,17997500347174003
60;50;MSTC*;2;8814,273448460533;0,09095958894597972
60;50;TMSTC*;2;8799,773448460533;0,09207054575753368
60;50;MSTC*;4;4971,248628567022;0,21635883905013192
60;50;TMSTC*;4;4968,577055691768;0,22024718789057077
60;50;MSTC*;2;8448,907359130655;0,0462435772809332
60;50;TMSTC*;2;8442,650360577338;0,048187751701152616
60;50;MSTC*;4;4730,171861118484;0,1560894320233301
60;50;TMSTC*;4;4654,9442998166915;0,141230384668796
60;50;MSTC*;2;8965,95541084678;0,10706846271351202
60;50;TMSTC*;2;8959,198412293463;0,10873489793084294
60;50;MSTC*;4;4976,661038331576;0,2169143174559089
60;50;TMSTC*;4;5005,546896921113;0,22108040549923622
60;50;MSTC*;2;8493,833766001868;0,05263157894736842
60;50;TMSTC*;2;8446,763058949564;0,05068740452714901
60;50;MSTC*;4;4619,001731281488;0,1320649909734759
60;50;TMSTC*;4;4619,001009762362;0,13817525343702264
60;50;MSTC*;2;8902,94357829753;0,10012498264129982
60;50;TMSTC*;2;8865,001009762325;0,09859741702541314
60;50;MSTC*;4;4888,177633271484;0,19552839883349535
60;50;TMSTC*;4;4893,520779021991;0,20219413970281905
60;50;MSTC*;2;8387,407359130655;0,040272184418830716
60;50;TMSTC*;2;8362,46406907632;0,04110540202749618
60;50;MSTC*;4;4786,28744556719;0,17219830579086237
60;50;TMSTC*;4;4777,054833631512;0,17469795861685877
60;50;MSTC*;2;8832,21529547665;0,09332037217053187
60;50;TMSTC*;2;8807,172582637619;0,09387585057630884
60;50;MSTC*;4;4820,951803251182;0,16817108734897931
60;50;TMSTC*;4;4877,424530557036;0,20024996528259964
60;50;MSTC*;2;8718,618037249298;0,07776697680877656
60;50;TMSTC*;2;8673,461182999807;0,0769337592001111
60;50;MSTC*;4;4884,809667627454;0,20024996528259964
60;50;TMSTC*;4;4831,966521876948;0,1921955283988335
60;50;MSTC*;2;8467,72034611051;0,05082627412859325
60;50;TMSTC*;2;8415,620923325812;0,048743230106929596
60;50;MSTC*;4;4606,128426760333;0,13512012220524927
60;50;TMSTC*;4;4593,499566724111;0,13289820858214138
60;50;MSTC*;2;8769,07388137201;0,08762671851131787
60;50;TMSTC*;2;8757,217460034028;0,08734897930842939
60;50;MSTC*;4;4878,352380466484;0,1941397028190529
60;50;TMSTC*;4;4864,4525247703095;0,19469518122482987
60;50;MSTC*;2;8857,299278116418;0,09207054575753368
60;50;TMSTC*;2;8831,584992402131;0,09193167615608944
60;50;MSTC*;4;4946,947474136421;0,20247187890570753
60;50;TMSTC*;4;4918,977632907071;0,19677822524649355
60;50;MSTC*;2;8665,27416997966;0,07248993195389529
60;50;TMSTC*;2;8698,560605784536;0,07832245521455354
60;50;MSTC*;4;5001,395814824634;0,22177475350645742
60;50;TMSTC*;4;5014,892207229001;0,22941258158589084
60;50;MSTC*;2;8612,175468714093;0,0680461047076795
60;50;TMSTC*;2;8521,805050269444;0,06151923343980003
60;50;MSTC*;4;4877,039393486622;0,19747257325371476
60;50;TMSTC*;4;4815,441413740178;0,18636300513817525
60;50;MSTC*;2;8378,679797828863;0,03874461880294403
60;50;TMSTC*;2;8357,880086436515;0,03916122760727677
60;50;MSTC*;4;4647,887589871027;0,14109151506735176
60;50;TMSTC*;4;4624,344877031996;0,13914734064713236
60;50;MSTC*;2;8727,87359276436;0,07804471601166504
60;50;TMSTC*;2;8713,145309943438;0,07985002083044021
60;50;MSTC*;4;4823,824386253216;0,17539230662407998
60;50;TMSTC*;4;4865,168253522848;0,18525204832662132
60;50;MSTC*;2;8461,978787702083;0,05013192612137203
60;50;TMSTC*;2;8440,7357862554;0,05027079572281627
60;50;MSTC*;4;4768,801442673827;0,1313706429662547
60;50;TMSTC*;4;4776,029725494749;0,13345368698791835
60;50;MSTC*;2;8534,72034611051;0,05693653659213998
60;50;TMSTC*;2;8515,94862893143;0,05749201499791696
60;50;MSTC*;4;4777,157142492719;0,17261491459519512
60;50;TMSTC*;4;4774,098267989673;0,17400361060963754
60;50;MSTC*;2;8630,560605784503;0,0687404527149007
60;50;TMSTC*;2;8601,489177213076;0,06846271351201222
60;50;MSTC*;4;4829,08354936391;0,1823357866962922
60;50;TMSTC*;4;4797,283837971561;0,17567004582696846
60;50;MSTC*;2;8717,529725494722;0,0779058464102208
60;50;TMSTC*;2;8713,186579744213;0,07957228162755173
60;50;MSTC*;4;4871,8656560539885;0,19386196361616442
60;50;TMSTC*;4;4847,561327303647;0,1887237883627274
60;50;MSTC*;2;8908,157864011817;0,09901402582974587
60;50;TMSTC*;2;8891,514285349831;0,10179141785863074
60;50;MSTC*;4;5135,0321782953515;0,25413137064296626
60;50;TMSTC*;4;5089,876045564988;0,24843771698375225
60;50;MSTC*;2;8746,717460034028;0,08415497847521178
60;50;TMSTC*;2;8666,946464374076;0,07679488959866686
60;50;MSTC*;4;5024,578498730018;0,23316206082488544
60;50;TMSTC*;4;5025,936363106286;0,23010692959311208
60;50;MSTC*;2;8991,985569617435;0,11067907235106235
60;50;TMSTC*;2;8953,143145386053;0,10970698514095265
60;50;MSTC*;4;5257,442423502521;0,28162755172892656
60;50;TMSTC*;4;5228,686867987457;0,2770448548812665
60;50;MSTC*;2;8686,332322963584;0,07429523677267046
60;50;TMSTC*;2;8667,04660867787;0,07429523677267046
60;50;MSTC*;4;4846,154977935337;0,1865018747396195
60;50;TMSTC*;4;4854,026117899116;0,19233439800027774
60;50;MSTC*;2;8317,480952259468;0,033606443549507016
60;50;TMSTC*;2;8301,79466075845;0,03485626996250521
60;50;MSTC*;4;4766,102597104434;0,13942507985002084
60;50;TMSTC*;4;4738,931024229181;0,135536731009582
60;50;MSTC*;2;8661,575324410296;0,07165671434522983
60;50;TMSTC*;2;8654,789610124582;0,07248993195389529
60;50;MSTC*;4;4897,885425313638;0,20052770448548812
60;50;TMSTC*;4;4872,200576850875;0,19677822524649355
60;50;MSTC*;2;8276,838095116624;0,028329398694625748
60;50;TMSTC*;2;8280,237950812798;0,03055131231773365
60;50;MSTC*;4;4590,875035802646;0,12748229412581585
60;50;TMSTC*;4;4597,346320070248;0,12942646854603526
60;50;MSTC*;2;8611,791053162835;0,06735175670045827
60;50;TMSTC*;2;8599,034054609492;0,06846271351201222
60;50;MSTC*;4;4991,813996742207;0,22246910151367866
60;50;TMSTC*;4;4989,098989508793;0,22524649354256354
60;50;MSTC*;2;8840,92885967181;0,09082071934453548
60;50;TMSTC*;2;8833,000288243238;0,0927648937647549
60;50;MSTC*;4;5244,041846287221;0,2730176364393834
60;50;TMSTC*;4;5241,488022418058;0,27412859325093736
60;50;MSTC*;2;9207,281673414198;0,1392862102485766
60;50;TMSTC*;2;9216,252236162674;0,1419247326760172
60;50;MSTC*;4;5503,44025894514;0,345090959588946
60;50;TMSTC*;4;5535,973303792307;0,344535481183169
60;50;MSTC*;2;8682,590043036058;0,07512845438133593
60;50;TMSTC*;2;8686,104040142694;0,07748923760588806
60;50;MSTC*;4;5017,378931641495;0,22760727676711567
60;50;TMSTC*;4;5024,721355872875;0,22899597278155812
60;50;MSTC*;2;8622,93246726741;0,0690181919177892
60;50;TMSTC*;2;8598,061327303663;0,06846271351201222
60;50;MSTC*;4;4874,6226546073085;0,1909457019858353
60;50;TMSTC*;4;4876,608657500674;0,1941397028190529
60;50;MSTC*;2;8643,71962459138;0,06985140952645466
60;50;TMSTC*;2;8611,83376600184;0,06929593112067768
60;50;MSTC*;4;4758,747618804668;0,16817108734897931
60;50;TMSTC*;4;4732,729292583276;0,16456047771142898
60;50;MSTC*;2;8833,587156959517;0,09359811137342036
60;50;TMSTC*;2;8782,616594211042;0,08970976253298153
60;50;MSTC*;4;5030,892207229003;0,23149562560755452
60;50;TMSTC*;4;5006,435641587161;0,22996805999166783
60;50;MSTC*;2;8563,291053162835;0,06138036383835578
60;50;TMSTC*;2;8496,492063289612;0,05679766699069574
60;50;MSTC*;4;4765,799999635577;0,1716428273850854
60;50;TMSTC*;4;4775,727849545019;0,17372587140674906
60;50;MSTC*;2;8970,297113559083;0,10804054992362172
60;50;TMSTC*;2;8973,153534897046;0,11054020274961811
60;50;MSTC*;4;5255,5727265769965;0,2770448548812665
60;50;TMSTC*;4;5245,81572802368;0,2776003332870435
60;50;MSTC*;2;8607,74761880465;0,06415775586724067
60;50;TMSTC*;2;8582,033333090363;0,06415775586724067
60;50;MSTC*;4;4933,413419526904;0,18594639633384252
60;50;TMSTC*;4;4908,039393486621;0,18191917789195944
60;50;MSTC*;2;9000,469407953464;0,11262324677128177
60;50;TMSTC*;2;8987,440692221066;0,11373420358283572
60;50;MSTC*;4;4987,413419526902;0,1865018747396195
60;50;TMSTC*;4;5023,626983722061;0,19233439800027774
60;50;MSTC*;2;8508,551659311768;0,055547840577697544
60;50;TMSTC*;2;8480,837373597482;0,056381058186363006
60;50;MSTC*;4;4839,987012655719;0,18386335231217887
60;50;TMSTC*;4;4809,987012655719;0,18191917789195944
60;50;MSTC*;2;8480,193073416389;0,05346479655603389
60;50;TMSTC*;2;8505,335209040119;0,05776975420080544
60;50;MSTC*;4;4767,545165639637;0,16997639216775448
60;50;TMSTC*;4;4754,786724048069;0,169698652964866
60;50;MSTC*;2;8955,313275223096;0,10679072351062352
60;50;TMSTC*;2;8975,926695114431;0,10998472434384113
60;50;MSTC*;4;5259,655266178555;0,2800999861130399
60;50;TMSTC*;4;5299,068397462237;0,2923205110401333
60;50;MSTC*;2;8968,513563830702;0,10706846271351202
60;50;TMSTC*;2;8944,756565277385;0,10762394111928898
60;50;MSTC*;4;5319,885713556852;0,2814886821274823
60;50;TMSTC*;4;5317,812120428045;0,29384807665602
60;50;MSTC*;2;8834,657864011857;0,09332037217053187
60;50;TMSTC*;2;8792,730014102412;0,0915150673517567
60;50;MSTC*;4;5014,218469796371;0,22760727676711567
60;50;TMSTC*;4;5013,960749723928;0,2280238855714484
60;50;MSTC*;2;8761,98701265569;0,0845715872795445
60;50;TMSTC*;2;8738,71529547661;0,08512706568532148
60;50;MSTC*;4;4793,538671967504;0,17816969865296486
60;50;TMSTC*;4;4789,5813848065345;0,17997500347174003
60;50;MSTC*;2;8696,917748641647;0,07443410637411471
60;50;TMSTC*;2;8665,27489149879;0,07360088876544925
60;50;MSTC*;4;5111,438527663664;0,17053187057353145
60;50;TMSTC*;4;4898,29639203994;0,19941674767393416
60;50;MSTC*;2;8685,96046148071;0,07290654075822803
60;50;TMSTC*;2;8649,060605784536;0,073462019164005
60;50;MSTC*;4;5038,190475583099;0,22719066796278295
60;50;TMSTC*;4;5060,1330441183045;0,23357866962921817
60;50;MSTC*;2;9141,841990955454;0,1288709901402583
60;50;TMSTC*;2;9106,379653160622;0,12831551173448133
60;50;MSTC*;4;4836,6226546073085;0,1874739619497292
60;50;TMSTC*;4;4819,551947555005;0,18664074434106373
60;50;MSTC*;2;8473,40591609242;0,05027079572281627
60;50;TMSTC*;2;8433,24906184293;0,048048882099708375
60;50;MSTC*;4;4626,02756093738;0,1342869045965838
60;50;TMSTC*;4;4627,598989508809;0,13845299263991112
60;50;MSTC*;2;8535,990620251332;0,05846410220802666
60;50;TMSTC*;2;8502,919191679905;0,05776975420080544
60;50;MSTC*;4;4831,158585530972;0,1849743091237328
60;50;TMSTC*;4;4837,086435440416;0,18941813636994861
60;50;MSTC*;2;8849,458296923294;0,09332037217053187
60;50;TMSTC*;2;8833,32943688711;0,09359811137342036
60;50;MSTC*;4;5154,14242386694;0,2571865018747396
60;50;TMSTC*;4;5150,989465456318;0,2552423274545202
60;50;MSTC*;2;8988,498123685811;0,11137342035828357
60;50;TMSTC*;2;8980,226406506732;0,11359533398139147
60;50;MSTC*;4;5287,04112476809;0,28982085821413694
60;50;TMSTC*;4;5283,826839053805;0,28954311901124846
60;50;MSTC*;2;8388,72251066791;0,03999444521594223
60;50;TMSTC*;2;8377,39336202402;0,04152201083182891
60;50;MSTC*;4;4576,62698372208;0,12234411887237884
60;50;TMSTC*;4;4597,0128423116175;0,13053742535758922
60;50;MSTC*;2;8361,022943579372;0,036800444382724624
60;50;TMSTC*;2;8357,993506327864;0,03971670601305374
60;50;MSTC*;4;4635,559884265407;0,13914734064713236
60;50;TMSTC*;4;4688,34126943636;0,15247882238577976
60;50;MSTC*;2;8952,087156959517;0,10623524510484655
60;50;TMSTC*;2;8917,37287124523;0,10567976669906957
60;50;MSTC*;4;5072,109379019793;0,22413553673100958
60;50;TMSTC*;4;5055,752236162651;0,22288571031801138
60;50;MSTC*;2;8433,23722929367;0,04596583807804472
60;50;TMSTC*;2;8464,093650631688;0,05388140536036662
60;50;MSTC*;4;4771,89191898578;0,17344813220386057
60;50;TMSTC*;4;4785,001009762356;0,17719761144285515
60;50;MSTC*;2;8758,730014102373;0,08234967365643661
60;50;TMSTC*;2;8698,730735621502;0,07748923760588806
60;50;MSTC*;4;4701,7353529795255;0,15317317039300096
60;50;TMSTC*;4;4731,319335619336;0,16233856408832106
60;50;MSTC*;2;8836,20057685089;0,09429245938064158
60;50;TMSTC*;2;8810,357431100381;0,09484793778641855
60;50;MSTC*;4;5009,2515146435235;0,22246910151367866
60;50;TMSTC*;4;5005,350215909098;0,22913484238300236
60;50;MSTC*;2;8299,638528028088;0,02957922510762394
60;50;TMSTC*;2;8278,567099456659;0,029995833911956673
60;50;MSTC*;4;4567,90447305417;0,12248298847382308
60;50;TMSTC*;4;4579,498845204984;0,12776003332870434
60;50;MSTC*;2;8453,12164484496;0,04791001249826413
60;50;TMSTC*;2;8421,092929112563;0,048048882099708375
60;50;MSTC*;4;4744,701298370007;0,1627551728926538
60;50;TMSTC*;4;4714,358874138626;0,1592834328565477
60;50;MSTC*;2;8595,690908858984;0,0642966254686849
60;50;TMSTC*;2;8573,447907412301;0,06526871267879461
60;50;MSTC*;4;4986,909811931273;0,21760866546313012
60;50;TMSTC*;4;4976,609379019797;0,21746979586168588
60;50;MSTC*;2;8688,134198913318;0,07304541035967227
60;50;TMSTC*;2;8646,176911752349;0,07318427996111651
60;50;MSTC*;4;5022,283116452429;0,23024579919455632
60;50;TMSTC*;4;5016,43636310629;0,23038466879600056
60;50;MSTC*;2;8944,128426760291;0,1051242882932926
60;50;TMSTC*;2;8916,985569617435;0,10456880988751563
60;50;MSTC*;4;4908,952236527073;0,19594500763782807
60;50;TMSTC*;4;4886,065223142517;0,20247187890570753
60;50;MSTC*;2;8782,414141046049;0,08123871684488265
60;50;TMSTC*;2;8756,52828245651;0,08040549923621719
60;50;MSTC*;4;4997,660750088353;0,22108040549923622
60;50;TMSTC*;4;4920,462914281307;0,20399944452159421
60;50;MSTC*;2;8917,855988062129;0,10026385224274406
60;50;TMSTC*;2;8903,32727232973;0,10081933064852104
60;50;MSTC*;4;5093,288455329543;0,23982780169420914
60;50;TMSTC*;4;4999,189754063974;0,21760866546313012
60;50;MSTC*;2;8923,626262202906;0,10262463546729621
60;50;TMSTC*;2;8857,727128025906;0,09762532981530343
60;50;MSTC*;4;4994,985857860691;0,2169143174559089
60;50;TMSTC*;4;5026,376045564993;0,226079711151229
60;50;MSTC*;2;8408,036219166896;0,044854881266490766
60;50;TMSTC*;2;8412,564213380167;0,04693792528815442
60;50;MSTC*;4;4664,086435440423;0,14497986390779058
60;50;TMSTC*;4;4633,628426760331;0,14109151506735176
60;50;MSTC*;2;8615,547330197027;0,06526871267879461
60;50;TMSTC*;2;8640,189465820758;0,06943480072212192
60;50;MSTC*;4;4836,424530557039;0,18455770031940008
60;50;TMSTC*;4;4839,65281337796;0,18691848354395224
60;50;MSTC*;2;8600,962626038088;0,06568532148312735
60;50;TMSTC*;2;8568,862481734264;0,06499097347590613
60;50;MSTC*;4;4836,347041589371;0,18469656992084432
60;50;TMSTC*;4;4784,291053162835;0,17691987223996666
60;50;MSTC*;2;8267,895526581406;0,027912789890293013
60;50;TMSTC*;2;8217,810100903342;0,024579919455631163
60;50;MSTC*;4;4508,947907412328;0,11137342035828357
60;50;TMSTC*;4;4464,704184446519;0,10623524510484655
60;50;MSTC*;2;8568,819768895231;0,06193584224413276
60;50;TMSTC*;2;8538,962626038088;0,06082488543257881
60;50;MSTC*;4;4835,624097645566;0,18441883071795584
60;50;TMSTC*;4;4865,266233269295;0,1896958755728371
60;50;MSTC*;2;8564,062770341914;0,0611026246354673
60;50;TMSTC*;2;8559,448628931454;0,06374114706290793
60;50;MSTC*;4;5029,594660394029;0,21649770865157617
60;50;TMSTC*;4;5015,294227482554;0,2292737119844466
60;50;MSTC*;2;8594,748340323778;0,06707401749756978
60;50;TMSTC*;2;8595,433910305666;0,0690181919177892
60;50;MSTC*;4;5059,76911934579;0,2330231912234412
60;50;TMSTC*;4;5060,869263649616;0,2330231912234412
60;50;MSTC*;2;9042,825829291429;0,1162338564088321
60;50;TMSTC*;2;9037,468686434286;0,1174836828218303
60;50;MSTC*;4;5100,801009397925;0,24107762810720734
60;50;TMSTC*;4;5114,229580826494;0,2456603249548674
60;50;MSTC*;2;8430,022222060243;0,04652131648382169
60;50;TMSTC*;2;8392,365367810768;0,04541035967226774
60;50;MSTC*;4;4794,870706687878;0,17400361060963754
60;50;TMSTC*;4;4767,588599997802;0,17150395778364116
60;50;MSTC*;2;8744,288167086295;0,08332176086654632
60;50;TMSTC*;2;8716,931024229187;0,08248854325788085
60;50;MSTC*;4;4878,227849545019;0,19747257325371476
60;50;TMSTC*;4;4911,952524770309;0,2055270101374809
60;50;MSTC*;2;8310,552380830897;0,032356617136508815
60;50;TMSTC*;2;8299,866810849007;0,03374531315095126
60;50;MSTC*;4;4514,77922061358;0,11359533398139147
60;50;TMSTC*;4;4504,6797978288805;0,1152617691987224
60;50;MSTC*;2;8462,263780468691;0,047493403693931395
60;50;TMSTC*;2;8431,406637611548;0,047493403693931395
60;50;MSTC*;4;4731,973015549084;0,10651298430773504
60;50;TMSTC*;4;4703,816161299592;0,10581863630051382
60;50;MSTC*;2;9059,797113559032;0,11595611720594362
60;50;TMSTC*;2;9088,996680647555;0,12248298847382308
60;50;MSTC*;4;5362,756132001508;0,30356894875711704
60;50;TMSTC*;4;5348,142712110174;0,30287460074989586
60;50;MSTC*;2;8979,426695114384;0,11151228995972781
60;50;TMSTC*;2;8963,012842311622;0,11137342035828357
60;50;MSTC*;4;5241,685136705966;0,2774614636855992
60;50;TMSTC*;4;5238,984848098315;0,2787112900985974
60;50;MSTC*;2;8788,45973996155;0,08609915289543119
60;50;TMSTC*;2;8762,745454247264;0,08609915289543119
60;50;MSTC*;4;5161,789176848667;0,25815858908484934
60;50;TMSTC*;4;5158,0041840820795;0,25857519788918204
60;50;MSTC*;2;8571,94574285495;0,059713928621024856
60;50;TMSTC*;2;8542,988455693947;0,059852798222469104
60;50;MSTC*;4;4947,788455329544;0,2055270101374809
60;50;TMSTC*;4;4945,502741043829;0,2074711845577003
60;50;MSTC*;2;8696,27416997966;0,07637828079433412
60;50;TMSTC*;2;8687,816882818694;0,0779058464102208
60;50;MSTC*;4;4780,599711027928;0,17303152339952785
60;50;TMSTC*;4;4754,942135259309;0,1706707401749757
